-- phpMyAdmin SQL Dump
-- version 5.2.0
-- https://www.phpmyadmin.net/
--
-- Gép: 127.0.0.1
-- Létrehozás ideje: 2023. Jan 18. 11:08
-- Kiszolgáló verziója: 10.4.24-MariaDB
-- PHP verzió: 8.1.6

SET SQL_MODE = "NO_AUTO_VALUE_ON_ZERO";
START TRANSACTION;
SET time_zone = "+00:00";


/*!40101 SET @OLD_CHARACTER_SET_CLIENT=@@CHARACTER_SET_CLIENT */;
/*!40101 SET @OLD_CHARACTER_SET_RESULTS=@@CHARACTER_SET_RESULTS */;
/*!40101 SET @OLD_COLLATION_CONNECTION=@@COLLATION_CONNECTION */;
/*!40101 SET NAMES utf8mb4 */;

--
-- Adatbázis: `project_discite`
--
CREATE DATABASE IF NOT EXISTS `project_discite` DEFAULT CHARACTER SET utf8mb4 COLLATE utf8mb4_general_ci;
USE `project_discite`;

-- --------------------------------------------------------

--
-- Tábla szerkezet ehhez a táblához `artifact`
--

CREATE TABLE `artifact` (
  `id` int(11) NOT NULL,
  `name` varchar(30) NOT NULL,
  `upgrade_level` int(10) UNSIGNED NOT NULL COMMENT 'talisman, talisman+,talimsan++'
) ENGINE=InnoDB DEFAULT CHARSET=utf8;

--
-- A tábla adatainak kiíratása `artifact`
--

INSERT INTO `artifact` (`id`, `name`, `upgrade_level`) VALUES
(1, 'Flammable blood', 3),
(2, 'Poisonous blood', 3),
(3, 'Exploding corpses', 3),
(4, 'Revenge damage', 3);

-- --------------------------------------------------------

--
-- Tábla szerkezet ehhez a táblához `class`
--

CREATE TABLE `class` (
  `id` int(11) NOT NULL,
  `name` varchar(20) NOT NULL,
  `maxhp` float UNSIGNED NOT NULL,
  `damage` float UNSIGNED NOT NULL,
  `energy` float UNSIGNED NOT NULL,
  `speed` float UNSIGNED NOT NULL
) ENGINE=InnoDB DEFAULT CHARSET=utf8;

--
-- A tábla adatainak kiíratása `class`
--

INSERT INTO `class` (`id`, `name`, `maxhp`, `damage`, `energy`, `speed`) VALUES
(1, 'Artificier', 70, 5, 160, 1),
(2, 'Weapon master', 120, 4, 100, 1),
(3, 'Cyber ninja', 90, 4, 130, 2);

-- --------------------------------------------------------

--
-- Tábla szerkezet ehhez a táblához `class_artifact`
--

CREATE TABLE `class_artifact` (
  `class_id` int(11) NOT NULL,
  `artifact_id` int(11) NOT NULL
) ENGINE=InnoDB DEFAULT CHARSET=utf8;

--
-- A tábla adatainak kiíratása `class_artifact`
--

INSERT INTO `class_artifact` (`class_id`, `artifact_id`) VALUES
(1, 1),
(1, 2),
(1, 3),
(1, 4),
(2, 1),
(2, 2),
(2, 3),
(2, 4),
(3, 1),
(3, 2),
(3, 3),
(3, 4);

-- --------------------------------------------------------

--
-- Tábla szerkezet ehhez a táblához `enemy`
--

CREATE TABLE `enemy` (
  `id` int(11) NOT NULL,
  `name` varchar(20) NOT NULL,
  `maxhp` float UNSIGNED NOT NULL,
  `damage` float UNSIGNED NOT NULL,
  `energy` float UNSIGNED NOT NULL,
  `speed` float UNSIGNED NOT NULL
) ENGINE=InnoDB DEFAULT CHARSET=utf8;

--
-- A tábla adatainak kiíratása `enemy`
--

INSERT INTO `enemy` (`id`, `name`, `maxhp`, `damage`, `energy`, `speed`) VALUES
(1, 'Ghoul', 20, 10, 0, 0.7),
(2, 'Exploder', 5, 25, 0, 1),
(3, 'Cyber ghoul', 35, 20, 0, 1.5),
(4, 'Multi-tank', 60, 10, 0, 0.5),
(5, 'Agent', 20, 15, 0, 0.7),
(6, 'Chimerae', 200, 15, 0, 1.2);

-- --------------------------------------------------------

--
-- Tábla szerkezet ehhez a táblához `eventroom`
--

CREATE TABLE `eventroom` (
  `id` int(11) NOT NULL,
  `name` varchar(30) NOT NULL
) ENGINE=InnoDB DEFAULT CHARSET=utf8;

--
-- A tábla adatainak kiíratása `eventroom`
--

INSERT INTO `eventroom` (`id`, `name`) VALUES
(1, 'Entry room'),
(2, 'Exit room'),
(3, 'Encounter room'),
(4, 'Shop room'),
(5, 'Boss room');

-- --------------------------------------------------------

--
-- Tábla szerkezet ehhez a táblához `run`
--

CREATE TABLE `run` (
  `id` int(10) NOT NULL,
  `user_id` int(11) NOT NULL,
  `class_id` int(11) NOT NULL,
  `path` varchar(40) DEFAULT NULL,
  `seed` bigint(20) NOT NULL,
  `gold` int(10) UNSIGNED NOT NULL,
  `score` int(10) UNSIGNED NOT NULL,
  `runtime` bigint(20) UNSIGNED NOT NULL,
  `progress` tinyint(3) UNSIGNED NOT NULL COMMENT '0=halott , 1= folyamatban, 2=végigjátszva',
  `version` varchar(11) NOT NULL,
  `startdate` datetime NOT NULL,
  `enddate` datetime NOT NULL,
  `currenthp` float UNSIGNED NOT NULL
) ENGINE=InnoDB DEFAULT CHARSET=utf8;

--
-- A tábla adatainak kiíratása `run`
--

INSERT INTO `run` (`id`, `user_id`, `class_id`, `path`, `seed`, `gold`, `score`, `runtime`, `progress`, `version`, `startdate`, `enddate`, `currenthp`) VALUES
(1, 1, 2, 'U', 1488536468, 829, 3650, 2596, 0, '1.0.0', '2022-04-26 17:45:27', '2022-07-18 02:34:02', 0),
(2, 1, 2, 'RU', 1643253082, 104, 6720, 4790, 0, '1.0.0', '2022-05-18 18:19:12', '2022-12-28 16:03:20', 0),
(3, 1, 1, 'RLLRDRULLUUURUDD', 368010423, 820, 4881, 200, 0, '1.0.0', '2022-04-22 21:22:21', '2022-11-08 15:35:21', 0),
(4, 1, 1, 'DLDULDD', 1950048233, 596, 5963, 1108, 2, '1.0.0', '2022-10-26 22:42:06', '2022-11-20 05:50:06', 8),
(5, 2, 2, 'LRLRDRLURDLUUULDDUDLDUUURDDLRUDUDURD', 1503634162, 870, 1545, 2019, 1, '1.0.0', '2022-09-25 11:45:43', '1970-01-01 01:00:00', 24),
(6, 2, 2, 'LRLRUUDUUUUDRRUDRLLDDDLLRDLU', 913602108, 182, 9582, 3233, 2, '1.0.0', '2022-07-18 10:08:15', '2022-11-02 20:05:40', 96),
(7, 2, 1, 'LRRDDDLLULRRRDDLD', 491042450, 916, 7069, 9209, 1, '1.0.0', '2022-07-09 06:52:07', '1970-01-01 01:00:00', 34),
(8, 2, 1, 'RLRULLRLRDULL', 1428467341, 761, 4987, 4498, 0, '1.0.0', '2022-06-17 05:44:52', '2022-10-29 19:18:39', 0),
(9, 3, 1, 'LRLLLLURRRDLLU', 374749209, 248, 3286, 3212, 0, '1.0.0', '2022-06-18 03:25:58', '2022-09-04 04:28:39', 0),
(10, 3, 1, 'ULULRRLULRRUULDDLLURDUDUUDRLDLDD', 1538666938, 148, 6104, 5627, 2, '1.0.0', '2022-10-29 15:42:24', '2022-12-21 04:11:53', 6),
(11, 4, 1, 'L', 268540105, 455, 4528, 3179, 2, '1.0.0', '2022-06-20 02:35:10', '2022-09-12 18:56:52', 90),
(12, 4, 1, 'LRRUULRDURDDLLDRLR', 87603923, 825, 7690, 2816, 1, '1.0.0', '2022-07-31 01:21:33', '1970-01-01 01:00:00', 76),
(13, 4, 1, 'LLUULRLUDRLDLRRRLULLLURUDULLUDRD', 1067805780, 451, 8350, 4146, 1, '1.0.0', '2022-07-19 01:48:58', '1970-01-01 01:00:00', 63),
(14, 4, 2, 'RRULRRD', 2082649627, 786, 3379, 7405, 2, '1.0.0', '2022-09-04 07:38:16', '2022-12-25 03:52:39', 3),
(15, 4, 2, 'DRDDDUD', 2010823922, 285, 5613, 7375, 0, '1.0.0', '2022-10-11 16:15:57', '2022-10-28 05:56:53', 0),
(16, 5, 1, 'DUUULRDLRDULLDLRUDRLDRUD', 1577367121, 326, 3014, 3898, 0, '1.0.0', '2022-12-10 16:57:22', '2022-12-22 13:12:44', 0),
(17, 5, 1, '', 358375891, 591, 7198, 9282, 2, '1.0.0', '2022-06-04 17:18:42', '2022-09-05 02:18:34', 56),
(18, 5, 1, '', 320659910, 235, 9739, 6116, 1, '1.0.0', '2022-06-09 08:28:05', '1970-01-01 01:00:00', 51),
(19, 5, 3, 'LLDULUDRLLLR', 830172042, 131, 2467, 4515, 0, '1.0.0', '2022-12-25 07:37:23', '2022-12-31 05:11:53', 0),
(20, 5, 1, 'ULURDLUDURULUURRDD', 1942111388, 719, 3152, 817, 1, '1.0.0', '2022-06-20 09:27:25', '1970-01-01 01:00:00', 27),
(21, 5, 2, 'DULUULUULLRLDDLRLRDULUUULLDLUL', 254172375, 680, 4335, 6090, 1, '1.0.0', '2022-11-08 10:29:02', '1970-01-01 01:00:00', 19),
(22, 6, 1, 'RUDUUURDLUUURRLURUUU', 178281787, 956, 7321, 7445, 0, '1.0.0', '2022-10-16 22:50:09', '2022-10-26 13:18:58', 0),
(23, 6, 3, 'RLDULUUL', 1689701242, 351, 7641, 8601, 0, '1.0.0', '2022-07-21 15:00:08', '2022-12-05 18:33:16', 0),
(24, 6, 2, 'DLLLDDDDUUDLDDRDDDLDUUDLURLDRDLURRDUL', 1961735605, 503, 9818, 5283, 1, '1.0.0', '2022-07-09 04:57:35', '1970-01-01 01:00:00', 74),
(25, 6, 1, 'URRLLRLLRDRDRDRLDDRRU', 1456754896, 200, 7397, 360, 1, '1.0.0', '2022-05-10 11:36:25', '1970-01-01 01:00:00', 98),
(26, 6, 3, 'RUUDDURULRD', 772687915, 18, 8272, 7213, 1, '1.0.0', '2022-08-14 13:42:27', '1970-01-01 01:00:00', 79),
(27, 6, 2, 'LLRDLDRDLUDLULRRDDLDD', 1165425644, 349, 464, 6369, 2, '1.0.0', '2022-10-27 20:13:10', '2022-12-08 05:12:55', 92),
(28, 7, 1, 'RDRLULDRLLDUDURUULURD', 1255137583, 379, 5020, 7319, 2, '1.0.0', '2022-06-30 14:49:08', '2022-09-25 10:25:16', 3),
(29, 7, 2, 'LLRLLURLRRRRLRRRUUUUDRLRDDU', 2105268359, 160, 5350, 8859, 1, '1.0.0', '2022-04-30 23:07:28', '1970-01-01 01:00:00', 18),
(30, 7, 1, 'DDLLDDLLUDDLDURULLRDDULRRL', 1410485084, 425, 6804, 5026, 1, '1.0.0', '2022-06-13 18:44:18', '1970-01-01 01:00:00', 31),
(31, 7, 2, 'RUDDUURURDRRR', 791199200, 725, 7346, 2039, 0, '1.0.0', '2022-11-16 01:29:14', '2022-12-30 13:59:29', 0),
(32, 7, 2, 'DUUUDUDLDDRLRDRRLDRUDLD', 494325645, 634, 4574, 8740, 2, '1.0.0', '2022-07-09 15:41:17', '2022-08-24 15:59:59', 15),
(33, 7, 1, 'URLLDDUDDDUUU', 808409392, 877, 4869, 2116, 0, '1.0.0', '2022-04-28 02:21:14', '2022-10-02 13:52:26', 0),
(34, 8, 3, 'UDRLRRULDURRLRLRLURDULRLURLU', 1984894075, 19, 6929, 9304, 2, '1.0.0', '2022-11-08 03:04:42', '2022-11-16 10:46:33', 95),
(35, 8, 3, 'RDRRDRRRRURLRLU', 711417011, 166, 3109, 1266, 0, '1.0.0', '2022-07-01 21:53:36', '2022-12-20 17:36:33', 0),
(36, 9, 2, 'RURLDRDLDLURLDULDUDLDUULLDLRD', 1597687050, 202, 9992, 9875, 1, '1.0.0', '2022-12-08 12:17:53', '1970-01-01 01:00:00', 42),
(37, 9, 1, 'ULLDDRULLLURRLRDD', 351401889, 427, 9944, 2819, 1, '1.0.0', '2022-08-14 16:05:24', '1970-01-01 01:00:00', 11),
(38, 9, 2, 'DRRDURLDRRRUDRDUDDRLDLRLLDLDURDUD', 1578952015, 606, 2464, 7496, 2, '1.0.0', '2022-05-04 19:53:40', '2022-09-23 16:26:28', 86),
(39, 9, 1, 'UUDDUU', 437504451, 641, 7821, 6088, 0, '1.0.0', '2022-11-05 03:15:41', '2022-11-12 10:39:48', 0),
(40, 9, 1, '', 1349229384, 595, 4933, 38, 0, '1.0.0', '2022-08-07 16:56:13', '2022-10-25 01:31:01', 0),
(41, 9, 2, 'LLURRURRDLRDDLLLDLRLUDD', 635825646, 831, 2361, 3526, 2, '1.0.0', '2022-09-10 07:19:03', '2022-12-03 15:56:20', 43),
(42, 9, 2, 'DRLRRRRUUUULR', 1676211786, 858, 7416, 5188, 2, '1.0.0', '2022-11-17 21:24:25', '2022-12-29 12:06:40', 11),
(43, 10, 1, 'DUDDDULLDDLDRDDRDLLRRDRDDLDUDDRDU', 955130261, 176, 819, 6215, 1, '1.0.0', '2022-12-16 01:42:24', '1970-01-01 01:00:00', 20),
(44, 11, 1, '', 1929132074, 590, 7849, 3743, 0, '1.0.0', '2022-05-12 02:07:25', '2022-10-03 14:10:33', 0),
(45, 11, 1, 'RDLRLDDUUUDDURUURUDRLUUDRRLLU', 1645202171, 489, 1652, 2330, 1, '1.0.0', '2022-09-07 00:13:06', '1970-01-01 01:00:00', 30),
(46, 11, 3, 'LR', 131717268, 216, 9163, 3066, 0, '1.0.0', '2022-04-23 10:45:47', '2022-07-16 06:08:07', 0),
(47, 11, 2, 'LDURDUDUUULLDDRRUDUURLUULUUULDULLDURR', 837765643, 637, 5115, 237, 0, '1.0.0', '2022-10-14 21:50:06', '2022-11-11 09:11:00', 0),
(48, 11, 1, 'LRDLLRDDL', 500003327, 313, 9558, 3606, 1, '1.0.0', '2022-09-04 22:39:34', '1970-01-01 01:00:00', 9),
(49, 11, 1, 'RLURLULLLLRDRULUU', 1294899098, 486, 911, 6437, 1, '1.0.0', '2022-10-21 10:12:03', '1970-01-01 01:00:00', 2),
(50, 11, 1, 'LRURLDDRLULLRDLULLUDU', 213875358, 169, 9367, 5745, 1, '1.0.0', '2022-04-27 01:08:28', '1970-01-01 01:00:00', 80),
(51, 11, 3, 'D', 169723467, 796, 7783, 4759, 2, '1.0.0', '2022-12-24 09:37:10', '2022-12-25 03:37:55', 94),
(52, 11, 2, 'DDDUDDRDLDDRDLDDLDDULDUR', 883349271, 110, 4455, 7857, 0, '1.0.0', '2022-06-09 01:41:30', '2022-11-28 01:38:26', 0),
(53, 12, 1, 'LDDRURRRUUUDLLUUDDUDDUDDLRURLLDLRU', 353698881, 339, 2226, 6294, 2, '1.0.0', '2022-11-29 07:36:00', '2022-12-04 00:00:04', 55),
(54, 12, 1, 'RLDDLUUDLRL', 1657058762, 612, 7291, 2927, 0, '1.0.0', '2022-10-02 20:34:14', '2022-10-21 12:22:52', 0),
(55, 12, 1, 'DDUDLRRRLUUDLUUL', 1655363045, 385, 8888, 7752, 1, '1.0.0', '2022-05-18 20:16:54', '1970-01-01 01:00:00', 13),
(56, 13, 2, 'RULLRURR', 630468336, 31, 5751, 5543, 1, '1.0.0', '2022-04-19 00:32:21', '1970-01-01 01:00:00', 64),
(57, 13, 2, 'RLDULLUUUUURRULLLL', 2048652788, 60, 6681, 3552, 1, '1.0.0', '2022-08-28 16:13:06', '1970-01-01 01:00:00', 52),
(58, 13, 1, 'LLDDLLLURUDUDRU', 553648448, 550, 1842, 9662, 0, '1.0.0', '2022-05-26 19:43:24', '2022-08-21 03:26:33', 0),
(59, 13, 2, 'RLRDULUDULURLLRRUD', 886210495, 519, 9126, 6056, 0, '1.0.0', '2022-05-19 03:30:31', '2022-08-05 06:24:33', 0),
(60, 13, 2, 'DDURLUUDDRLRRUDLRRDLLULUDD', 1314512014, 645, 3804, 9231, 1, '1.0.0', '2022-11-23 07:08:10', '1970-01-01 01:00:00', 28),
(61, 13, 2, 'LUDDRDRLLULDURR', 1985222480, 431, 143, 1137, 2, '1.0.0', '2022-09-07 17:39:56', '2022-10-17 06:20:50', 69),
(62, 13, 2, 'D', 1656082546, 644, 7717, 3800, 2, '1.0.0', '2022-10-21 13:02:41', '2022-11-13 21:42:44', 32),
(63, 13, 2, 'URRULDRLUDLUUDLRUDRRLRDUURUU', 2057656922, 480, 5824, 8004, 0, '1.0.0', '2022-04-17 16:49:00', '2022-08-27 12:20:04', 0),
(64, 13, 2, 'DLDLRDLLRRLDRLRDULRUDUUURDLUUULR', 1055299708, 672, 3239, 1007, 2, '1.0.0', '2022-07-27 09:54:43', '2022-10-12 13:02:01', 8),
(65, 14, 2, 'LURURRRDDDL', 287121790, 632, 6325, 1919, 2, '1.0.0', '2022-12-15 12:47:37', '2022-12-25 20:35:48', 74),
(66, 14, 2, 'LDRRDRURUDR', 36383887, 755, 4262, 1712, 1, '1.0.0', '2022-09-22 18:33:44', '1970-01-01 01:00:00', 35),
(67, 14, 1, 'RDRDRUDRU', 1202984633, 550, 2089, 4909, 0, '1.0.0', '2022-11-03 04:14:25', '2022-11-05 23:30:16', 0),
(68, 14, 2, 'LRRLDRRDDRRDLDUULRULLDDLLRLDD', 1308752433, 590, 2093, 1501, 0, '1.0.0', '2022-11-09 20:17:04', '2022-11-21 00:02:01', 0),
(69, 14, 2, 'DUDRDDRRRUULLRUURUURLLUDUDULUD', 2139322542, 861, 8289, 4994, 1, '1.0.0', '2022-12-23 11:19:17', '1970-01-01 01:00:00', 4),
(70, 14, 2, 'UDLRDLULLURURR', 14486449, 335, 2124, 3851, 2, '1.0.0', '2022-11-28 03:34:20', '2022-12-29 07:48:55', 86),
(71, 14, 2, 'RRDRLUURULURUURRRLURR', 628551910, 835, 4918, 678, 0, '1.0.0', '2022-11-25 20:27:07', '2022-12-05 11:01:44', 0),
(72, 14, 2, 'UDRDLDRRRLRLLLRLLLRURDLDDURULULUDDDRU', 1892105416, 547, 4749, 3568, 1, '1.0.0', '2022-12-12 01:31:08', '1970-01-01 01:00:00', 87),
(73, 15, 3, 'UDRLUUURLDURURURURURLRRLLDUDLURDUDL', 1625575853, 708, 6430, 7049, 2, '1.0.0', '2022-08-21 19:32:22', '2022-09-07 21:57:13', 54),
(74, 15, 2, 'RULRULRRUDDRLRLRULUULLLLUR', 336319358, 127, 5791, 1384, 1, '1.0.0', '2022-12-08 19:03:50', '1970-01-01 01:00:00', 90),
(75, 15, 3, 'RRURRULRRDURDLUULURUU', 949101707, 205, 383, 997, 2, '1.0.0', '2022-06-04 02:12:29', '2022-08-14 17:16:35', 36),
(76, 16, 2, 'RLUUURDRULLULULULLLDRRLRRRRLDLU', 1466217103, 413, 1679, 8477, 0, '1.0.0', '2022-06-06 02:29:15', '2022-08-12 05:15:32', 0),
(77, 16, 3, 'RDLRULLRDUDLURLDURULDRRLRUDDL', 790954718, 877, 9811, 8439, 1, '1.0.0', '2022-12-04 17:03:55', '1970-01-01 01:00:00', 25),
(78, 16, 1, 'URLRRDURRULRRURUUUULRLRLULLRRULUULRLDDL', 1133525937, 924, 5019, 6590, 2, '1.0.0', '2022-11-17 04:39:07', '2022-12-10 14:37:07', 100),
(79, 16, 1, 'RLURLRRRURRDDUDLULURRRUU', 1819603811, 65, 5574, 6597, 2, '1.0.0', '2022-09-19 19:47:05', '2022-10-01 16:52:14', 61),
(80, 16, 1, 'ULLUDRRLLDRDRUUDDRLU', 2063169565, 424, 6272, 1960, 2, '1.0.0', '2022-08-24 07:03:25', '2022-11-23 14:02:16', 12),
(81, 16, 1, 'RDUURRUUULUUDU', 851972868, 339, 2557, 4721, 2, '1.0.0', '2022-05-14 07:37:32', '2022-09-03 19:44:03', 32),
(82, 16, 3, 'LUDRDDLRLRRLLLUDDRDRRRLLLRDLDRRLRRRD', 1567310349, 756, 8408, 8728, 0, '1.0.0', '2022-10-22 19:28:41', '2022-11-25 03:39:03', 0),
(83, 16, 1, 'LL', 616455878, 327, 3160, 4324, 1, '1.0.0', '2022-12-28 22:50:38', '1970-01-01 01:00:00', 19),
(84, 16, 1, 'UDUUDDRUULUDRLRUDRLDDLDRLRLRLURLLDRLLDLL', 2143446305, 304, 1489, 9014, 0, '1.0.0', '2022-10-05 17:18:21', '2022-11-27 20:36:43', 0),
(85, 17, 2, 'LLRLRUDRLRDLRUDRDLLDL', 1254660712, 4, 932, 3105, 1, '1.0.0', '2022-11-08 19:36:43', '1970-01-01 01:00:00', 9),
(86, 17, 1, 'R', 1855383314, 381, 843, 7233, 1, '1.0.0', '2022-06-29 14:37:53', '1970-01-01 01:00:00', 72),
(87, 17, 2, 'RRRLULULDLU', 1779327107, 61, 4546, 8149, 1, '1.0.0', '2022-05-03 23:27:32', '1970-01-01 01:00:00', 73),
(88, 17, 2, 'U', 920487604, 553, 888, 9903, 0, '1.0.0', '2022-11-28 17:46:30', '2022-12-28 01:48:25', 0),
(89, 18, 2, 'DDLDLURLRRDDULUDDDRDU', 1297529332, 330, 9182, 6770, 1, '1.0.0', '2022-06-29 13:25:36', '1970-01-01 01:00:00', 39),
(90, 19, 1, 'RLDLD', 1297741211, 795, 9260, 4170, 1, '1.0.0', '2022-12-30 09:06:05', '1970-01-01 01:00:00', 35),
(91, 19, 3, 'LRDLLUDLR', 2005210718, 4, 2133, 6185, 0, '1.0.0', '2022-11-28 17:21:23', '2023-01-01 04:36:56', 0),
(92, 19, 2, 'LR', 1501223274, 788, 8679, 7038, 1, '1.0.0', '2022-06-26 12:14:09', '1970-01-01 01:00:00', 98),
(93, 19, 2, 'LRRURUULUDURLLU', 1376463175, 87, 555, 3375, 2, '1.0.0', '2022-08-17 22:42:12', '2022-08-31 20:51:32', 20),
(94, 19, 2, 'URRRLRRLLUUDDLRDDR', 1898202914, 552, 3004, 6458, 0, '1.0.0', '2022-04-19 13:55:25', '2022-11-17 18:28:20', 0),
(95, 19, 3, 'RUUDLU', 2135126051, 805, 9306, 3560, 0, '1.0.0', '2022-07-04 19:26:51', '2022-11-14 06:26:54', 0),
(96, 19, 2, 'DRULLLLUUDLURLDULRRLURDLDRLUUU', 1149606702, 511, 307, 2989, 2, '1.0.0', '2022-07-27 04:34:15', '2022-10-08 21:37:09', 69),
(97, 19, 2, 'DRUDLLDUURRRLRURRDUU', 1171921648, 768, 4503, 3787, 1, '1.0.0', '2022-09-29 13:09:38', '1970-01-01 01:00:00', 34),
(98, 19, 1, 'RULR', 1500763806, 433, 1167, 2422, 0, '1.0.0', '2022-05-18 05:37:15', '2022-08-07 16:53:56', 0),
(99, 20, 2, 'DLRDURRLDR', 1762794637, 368, 9244, 2595, 2, '1.0.0', '2022-11-18 18:43:15', '2022-12-14 16:39:45', 22),
(100, 20, 1, 'URLLUUDUDDD', 669166697, 27, 9335, 1032, 0, '1.0.0', '2022-09-02 14:48:30', '2022-12-24 14:35:46', 0),
(101, 20, 2, 'RDUDDDRURULDDL', 358310357, 698, 5433, 2501, 0, '1.0.0', '2022-10-17 00:49:59', '2022-11-10 08:44:25', 0),
(102, 20, 2, 'DR', 1630765371, 390, 6288, 9201, 0, '1.0.0', '2022-10-19 13:50:37', '2022-11-17 12:37:01', 0),
(103, 21, 3, 'LLULRLLDRLRUDRUDRLDLRRUUUDDLLDLD', 193370704, 901, 6447, 996, 1, '1.0.0', '2022-10-29 17:37:32', '1970-01-01 01:00:00', 27),
(104, 21, 2, 'UULDDDUULRDLLLDURDUDRRRRRLU', 1765921600, 648, 4767, 2395, 0, '1.0.0', '2022-10-07 03:49:20', '2022-12-18 02:42:44', 0),
(105, 21, 1, 'L', 889257544, 173, 5537, 7073, 0, '1.0.0', '2022-10-13 18:36:30', '2022-12-19 00:39:29', 0),
(106, 21, 3, 'RLRR', 695906391, 907, 433, 2271, 2, '1.0.0', '2022-06-28 20:05:52', '2022-09-26 06:39:08', 53),
(107, 21, 1, 'DDDLRDDDLULLUULDLLDLUDRDRRLRRU', 642875466, 604, 5277, 6668, 0, '1.0.0', '2022-09-20 06:00:48', '2022-11-15 05:01:40', 0),
(108, 21, 1, 'DDURLRDDLLLLUULLRLRDURUUDLDLURLLL', 2143847331, 531, 4107, 8860, 0, '1.0.0', '2022-08-23 20:12:24', '2022-09-15 08:14:48', 0),
(109, 21, 1, 'DDURRLDRRRRLDUULRLRULURURRRLU', 1167043759, 19, 6052, 229, 0, '1.0.0', '2022-08-30 13:29:34', '2022-09-04 03:37:01', 0),
(110, 22, 2, 'RDLDULDUUULLRRR', 270167021, 343, 1982, 9941, 2, '1.0.0', '2022-08-09 12:57:35', '2022-12-10 21:45:06', 91),
(111, 22, 1, 'ULLLLDLD', 805392917, 726, 1004, 2620, 2, '1.0.0', '2022-10-07 18:32:36', '2022-11-23 21:53:07', 70),
(112, 22, 2, 'LDRLULLRRLRLRRRDLLDRRRL', 865113803, 926, 2233, 3814, 0, '1.0.0', '2022-07-15 02:42:25', '2022-07-30 20:28:29', 0),
(113, 22, 1, 'URDRDULDULRRDDRLDDUUUURUUDRLUUULRRDRDDRL', 33295751, 56, 8302, 2281, 0, '1.0.0', '2022-06-04 00:22:24', '2022-12-06 21:23:01', 0),
(114, 22, 2, 'DLDLRRRRUDDRLDURULUURRLDDLRUURLRULLDDDR', 1383229082, 575, 2569, 1903, 1, '1.0.0', '2022-11-12 05:30:18', '1970-01-01 01:00:00', 43),
(115, 22, 1, 'DLDDRRDUUDLLLULDLLUL', 876716050, 388, 7299, 8209, 0, '1.0.0', '2022-08-16 01:14:06', '2022-11-22 15:42:20', 0),
(116, 22, 1, 'LDDULRUULURRRLRRRLLDDRL', 1736389487, 71, 4371, 1481, 1, '1.0.0', '2022-05-02 19:38:08', '1970-01-01 01:00:00', 81),
(117, 23, 1, 'DRULRD', 499998344, 989, 8719, 6634, 0, '1.0.0', '2022-09-23 04:27:20', '2022-11-21 15:01:32', 0),
(118, 24, 2, 'URULDDLUUULUDULDRDURRLDLUURLUD', 1745149766, 609, 5399, 8090, 1, '1.0.0', '2022-11-01 10:55:31', '1970-01-01 01:00:00', 76),
(119, 24, 2, 'UURDLRURULLRLUDL', 1297321447, 985, 3674, 6004, 2, '1.0.0', '2022-10-08 14:53:26', '2022-11-08 19:24:59', 63),
(120, 24, 1, 'RRRRULLDR', 1162642980, 438, 8197, 3663, 1, '1.0.0', '2022-08-16 18:06:24', '1970-01-01 01:00:00', 69),
(121, 24, 2, 'LULRUURULLLUDRDRDULDDULLUR', 581905983, 544, 1269, 2110, 2, '1.0.0', '2022-06-19 18:02:33', '2022-10-12 21:39:19', 38),
(122, 24, 1, 'LLUDUDLLLULURUURRDURURLLDRRLURU', 1330639384, 20, 9516, 1172, 0, '1.0.0', '2022-09-24 16:45:54', '2022-09-29 15:22:45', 0),
(123, 24, 1, 'LLUDLLRDRLDRUDDUDDUDRDRRD', 218216983, 896, 9994, 3214, 2, '1.0.0', '2022-12-06 18:56:40', '2022-12-31 00:41:57', 83),
(124, 24, 2, 'RDDLUDRRRLUUUULLURRDDDULRDLUDURDDDUR', 1525370504, 106, 3711, 3285, 1, '1.0.0', '2022-09-20 06:05:28', '1970-01-01 01:00:00', 90),
(125, 25, 2, '', 900112509, 349, 2192, 7318, 1, '1.0.0', '2022-06-17 14:50:47', '1970-01-01 01:00:00', 53),
(126, 25, 1, 'DDLRDURLRRURRURRULUUDDRLLRLLRUUUDDL', 681727223, 395, 6901, 2747, 2, '1.0.0', '2022-11-18 03:14:24', '2022-12-24 15:16:46', 31),
(127, 25, 2, 'DDRRUULRLRDDLDUUUUURUURDRUDURLUDDDUDU', 1168897518, 95, 5252, 5316, 1, '1.0.0', '2022-07-26 23:30:44', '1970-01-01 01:00:00', 73),
(128, 26, 1, 'DULRLRURURRLDRDDDDRURDLUURUDRRRURLLLRLL', 1452011317, 876, 2184, 2252, 2, '1.0.0', '2022-05-11 16:38:58', '2022-07-30 10:58:34', 21),
(129, 26, 2, 'UDDRDLRDDUURDDULRUDDLUDRRDRRUUDDL', 1972511367, 257, 7828, 5929, 1, '1.0.0', '2022-05-14 18:34:29', '1970-01-01 01:00:00', 64),
(130, 26, 2, 'UURLRLLDDRLRULRRLRLDLUDRUUURUD', 2000013702, 926, 4556, 7747, 0, '1.0.0', '2022-12-13 11:17:52', '2022-12-28 10:28:22', 0),
(131, 26, 1, 'LLDRLLRLUDRRLU', 1613961070, 650, 7206, 4427, 0, '1.0.0', '2022-12-24 23:31:20', '2022-12-30 23:14:46', 0),
(132, 27, 2, 'RRLLLLDLLDDUDLLRDDRLULUURDLDDUDURDDR', 988953730, 711, 2802, 1917, 0, '1.0.0', '2022-11-10 16:49:31', '2022-11-10 19:36:18', 0),
(133, 27, 3, 'URLDDUDUDURRLRL', 2031432930, 113, 8731, 3307, 2, '1.0.0', '2022-07-01 17:12:41', '2022-11-25 11:55:18', 49),
(134, 27, 1, 'UDDLDRUU', 1497746731, 305, 3448, 5335, 2, '1.0.0', '2022-12-23 02:30:32', '2022-12-29 08:10:07', 13),
(135, 27, 2, 'RRRUDLDRDDLUU', 1644032668, 167, 2460, 9683, 2, '1.0.0', '2022-09-26 03:16:52', '2022-11-26 06:34:28', 32),
(136, 27, 3, 'RLDLRLLRDRLRLDDUU', 42102304, 913, 4938, 5206, 2, '1.0.0', '2022-09-18 23:18:28', '2022-12-15 05:05:54', 63),
(137, 27, 1, 'URRDRDLRDLDLDR', 1100610491, 840, 8787, 9093, 2, '1.0.0', '2022-12-25 16:59:18', '2022-12-30 16:38:35', 22),
(138, 27, 3, 'LUDRLURURDDUDDDDLRRDDUULLLRDLRDRRURURULD', 126111363, 271, 9578, 7919, 0, '1.0.0', '2022-06-11 17:24:09', '2022-09-14 15:34:47', 0),
(139, 27, 1, 'RULDDRRDDLRLDRLRRDUUL', 2066356751, 870, 9243, 1377, 1, '1.0.0', '2022-12-07 15:05:59', '1970-01-01 01:00:00', 56),
(140, 27, 2, 'RLLDDULRLRDRLULRUDRLRDLRRDRULLDDDLUURDR', 2109315686, 445, 3844, 3961, 1, '1.0.0', '2022-12-01 09:12:23', '1970-01-01 01:00:00', 96),
(141, 28, 2, 'RURLLLULUURULLUURRUD', 1772434352, 252, 9539, 8141, 0, '1.0.0', '2022-12-22 19:09:54', '2022-12-22 23:59:45', 0),
(142, 31, 2, 'LLR', 1161408479, 367, 9038, 554, 0, '1.0.0', '2022-05-31 11:26:56', '2022-11-11 13:49:08', 0),
(143, 31, 1, 'LRLRDLRRUDRLRLULRRULLDDDULLUR', 1148123593, 761, 657, 9821, 2, '1.0.0', '2022-05-21 15:40:02', '2022-12-23 01:27:44', 29),
(144, 31, 2, 'RDUDRLLDDDRRUDLLLLULUDDULUDDDRRRLRRD', 1278727936, 579, 9406, 7500, 0, '1.0.0', '2022-12-12 14:01:54', '2022-12-25 06:37:20', 0),
(145, 31, 3, 'LUUUUURRRUULDRDRLDRUL', 650427037, 204, 3955, 457, 2, '1.0.0', '2022-07-15 17:22:25', '2022-08-02 12:46:24', 74),
(146, 32, 1, 'RULDULUDULUDLRURDLU', 1186883546, 211, 2032, 5527, 2, '1.0.0', '2022-06-20 12:24:49', '2022-09-21 15:08:44', 12),
(147, 32, 2, 'LUURULRUDLL', 444192850, 591, 8036, 2174, 2, '1.0.0', '2022-06-20 16:15:58', '2022-12-23 05:11:48', 14),
(148, 32, 2, 'LLULLUUURDRLLULDRLRLURLDRDRRLURDLDL', 2144808046, 444, 3216, 9781, 1, '1.0.0', '2022-05-13 09:11:55', '1970-01-01 01:00:00', 1),
(149, 32, 2, 'RRURLUL', 1722324569, 541, 7640, 7416, 0, '1.0.0', '2022-09-30 14:53:29', '2022-12-31 13:47:22', 0),
(150, 33, 1, 'DDURUULDDUL', 1964373901, 868, 1941, 4590, 2, '1.0.0', '2022-09-28 00:39:02', '2022-10-20 22:03:26', 75),
(151, 33, 2, 'DLRDDRDURLURLLDD', 1381022224, 16, 6953, 7440, 0, '1.0.0', '2022-05-08 09:33:53', '2022-06-02 18:29:12', 0),
(152, 33, 1, 'RRLRDRDRLDRRDDDDDDDLUUULD', 1309405660, 342, 9775, 5562, 0, '1.0.0', '2022-06-08 12:09:02', '2022-11-14 23:46:12', 0),
(153, 33, 1, '', 930442601, 368, 8901, 5717, 1, '1.0.0', '2022-10-07 10:13:44', '1970-01-01 01:00:00', 39),
(154, 34, 2, 'UUR', 596152843, 187, 9274, 1435, 1, '1.0.0', '2022-12-20 10:27:48', '1970-01-01 01:00:00', 77),
(155, 34, 1, 'LLDLDULRRLDURRDRDDULULDUL', 992417959, 38, 9242, 9606, 2, '1.0.0', '2022-07-03 02:33:40', '2022-12-27 11:49:51', 91),
(156, 34, 1, 'ULULDLULRDUUULUDDRLLLDDDD', 1945198017, 407, 4292, 1828, 1, '1.0.0', '2022-08-16 03:54:22', '1970-01-01 01:00:00', 20),
(157, 34, 1, 'LRURURRRLLLDUDUDLL', 709057707, 741, 7186, 1790, 2, '1.0.0', '2022-06-09 00:59:47', '2022-11-12 10:01:20', 2),
(158, 34, 1, 'LDURRLLRDURRDRRDUULURLUDURR', 902002490, 128, 3000, 238, 0, '1.0.0', '2022-06-06 00:53:29', '2022-11-13 02:15:04', 0),
(159, 34, 2, 'RRDRLRLDDDLLRDUDRLRUULDRLRUR', 1367082414, 450, 3265, 7791, 1, '1.0.0', '2022-06-01 18:05:09', '1970-01-01 01:00:00', 36),
(160, 34, 1, 'DLULLDRULLLRRUULUULUDLLRUDDDRU', 1586403100, 794, 4858, 9103, 0, '1.0.0', '2022-12-09 04:23:01', '2022-12-21 17:49:04', 0),
(161, 34, 1, 'RUUULLDRLDRDRUDDUULR', 496379883, 570, 9695, 8656, 2, '1.0.0', '2022-11-15 09:46:26', '2022-11-27 21:38:41', 2),
(162, 34, 1, 'LRUDRDUURRDRRLRDU', 1291154749, 99, 1868, 8267, 2, '1.0.0', '2022-05-11 10:19:34', '2022-06-21 00:31:14', 67),
(163, 36, 2, 'RDDLLDDDRLLRU', 1534052483, 665, 5857, 5052, 1, '1.0.0', '2022-05-28 09:47:25', '1970-01-01 01:00:00', 34),
(164, 37, 2, 'UUDRUU', 49841773, 208, 7077, 6829, 0, '1.0.0', '2022-05-14 19:19:48', '2022-09-12 10:49:57', 0),
(165, 38, 1, 'RLLRURDDLUUDDUUUDRURR', 644890821, 46, 3910, 7971, 1, '1.0.0', '2022-08-01 03:51:17', '1970-01-01 01:00:00', 18),
(166, 38, 1, 'ULDRRLD', 1572458633, 792, 4768, 1879, 2, '1.0.0', '2022-12-05 21:26:22', '2022-12-29 09:47:47', 81),
(167, 38, 3, 'DULUULRURUUDDDD', 1018024818, 788, 9699, 17, 2, '1.0.0', '2022-11-30 11:33:06', '2022-12-04 14:36:53', 23),
(168, 38, 1, 'RRRULLLL', 1929231644, 444, 9181, 2670, 1, '1.0.0', '2022-11-04 07:50:05', '1970-01-01 01:00:00', 78),
(169, 38, 3, 'LDDRRUL', 145783699, 133, 6501, 8059, 1, '1.0.0', '2022-07-28 04:41:23', '1970-01-01 01:00:00', 18),
(170, 38, 3, 'RRLRDRLDRURLLDRURDRLDLURRDURUUURL', 1523086403, 63, 768, 3168, 2, '1.0.0', '2022-10-22 06:53:59', '2022-12-25 00:00:57', 62),
(171, 38, 3, 'RURDUURURDRURURDDLDRRLRUURRURLURUURDDUDL', 574734362, 382, 8023, 7103, 1, '1.0.0', '2022-12-21 02:02:27', '1970-01-01 01:00:00', 13),
(172, 40, 2, 'RLLURUDUDRUDDRRDLLRRDDUDRDR', 1762943444, 674, 1846, 7321, 1, '1.0.0', '2022-10-19 07:17:09', '1970-01-01 01:00:00', 91),
(173, 40, 2, 'DLUDLUUDLDRURDUUDDDUL', 1210309191, 431, 9791, 9418, 0, '1.0.0', '2022-09-19 11:07:21', '2022-10-11 17:23:21', 0),
(174, 41, 2, 'DRRRURULDDDDRRDLR', 1402856098, 442, 8755, 8353, 2, '1.0.0', '2022-11-18 20:43:45', '2022-12-18 10:46:47', 15),
(175, 41, 2, 'DLRRRULUUDUUDRURLRDRDLDDDLLDUR', 975755212, 178, 5406, 847, 2, '1.0.0', '2022-10-09 11:16:44', '2022-12-06 07:38:39', 17),
(176, 41, 2, 'DLULURLRLRRURUULUUUDDDLULLDD', 1720663524, 601, 6330, 3545, 2, '1.0.0', '2022-08-14 19:15:19', '2022-10-05 21:33:03', 25),
(177, 41, 2, 'DLRURDDRLDUURUUDDRLRLLUURURUURDRUL', 1479420542, 486, 9586, 6365, 2, '1.0.0', '2022-10-18 17:17:39', '2022-11-07 20:55:12', 6),
(178, 41, 2, 'R', 1756815502, 347, 7146, 3711, 0, '1.0.0', '2022-06-05 04:42:42', '2022-10-02 01:37:34', 0),
(179, 42, 3, 'RUUULRLLRURULL', 1751856167, 413, 9154, 6168, 1, '1.0.0', '2022-09-19 08:30:23', '1970-01-01 01:00:00', 13),
(180, 43, 1, 'DRLULUDDDLDURRDLRRURLRRLRLLDRULDDLUUDLUR', 1966452628, 514, 9802, 4391, 2, '1.0.0', '2022-10-02 15:53:38', '2022-12-02 21:17:07', 57),
(181, 43, 3, 'LLLLRDDRLULURRDL', 1221935441, 319, 4732, 6087, 2, '1.0.0', '2022-10-23 19:57:46', '2022-12-12 21:39:24', 52),
(182, 43, 1, 'URRULRULRLULUURUURLUULDLLUL', 777653076, 473, 9755, 7207, 0, '1.0.0', '2022-06-08 06:39:57', '2022-06-28 10:42:51', 0),
(183, 43, 1, 'UDRUDDRLLUUDLRDLDLLDURDRRDLULULUDRDDULD', 960426263, 741, 1650, 3153, 2, '1.0.0', '2022-05-14 15:46:39', '2022-12-05 12:48:15', 85),
(184, 43, 2, 'UULULLDLURLD', 1287240679, 676, 3629, 1749, 0, '1.0.0', '2022-10-24 18:25:23', '2022-12-12 05:35:19', 0),
(185, 43, 1, 'U', 562618616, 815, 1601, 2539, 0, '1.0.0', '2022-09-03 03:30:57', '2022-10-03 07:55:14', 0),
(186, 43, 3, 'DLLRR', 1586039942, 34, 3451, 9860, 1, '1.0.0', '2022-07-08 10:01:49', '1970-01-01 01:00:00', 65),
(187, 43, 3, 'RURRDLLDLLDLRULUUULRDULLLRLUUULULDURRDR', 254787, 839, 3036, 8852, 0, '1.0.0', '2022-11-15 14:56:08', '2022-12-10 03:19:21', 0),
(188, 44, 2, 'DDRLRLDRLRURLR', 893966886, 896, 5226, 7301, 1, '1.0.0', '2022-11-19 22:58:38', '1970-01-01 01:00:00', 25),
(189, 44, 2, 'DULLURDLLDRUUULDDDRUDLDUU', 1081457269, 315, 6665, 3547, 1, '1.0.0', '2022-12-06 18:14:49', '1970-01-01 01:00:00', 49),
(190, 44, 2, 'LUDUUUDDLDLLRRRLDRUULDRLDRULLRUDRUD', 585648510, 281, 3661, 1846, 1, '1.0.0', '2022-11-30 23:08:19', '1970-01-01 01:00:00', 86),
(191, 44, 2, 'DRRLRDULULLLRULUDRLRDRLLURU', 1991786625, 521, 6289, 4541, 1, '1.0.0', '2022-05-07 06:24:53', '1970-01-01 01:00:00', 62),
(192, 44, 2, 'DLURDULL', 974324698, 397, 7499, 7849, 0, '1.0.0', '2022-09-27 12:49:19', '2022-10-15 18:02:15', 0),
(193, 45, 3, 'RULUDUUDLDULUUDDDRRRLDRLUDRRLRRLL', 2133160615, 736, 537, 6215, 2, '1.0.0', '2022-08-12 20:07:01', '2022-11-04 07:36:08', 31),
(194, 45, 1, '', 229074604, 278, 8674, 646, 2, '1.0.0', '2022-11-28 11:01:24', '2022-12-10 12:15:57', 53),
(195, 46, 2, 'DDDRLRDUDRDRLLDL', 37296133, 583, 6502, 5107, 2, '1.0.0', '2022-06-25 16:10:42', '2022-08-19 05:47:48', 85),
(196, 46, 3, 'LLRDRUDLDDDRRLLUUDLLLUUUDDRLUD', 199818, 778, 6323, 4237, 2, '1.0.0', '2022-12-02 19:27:00', '2022-12-19 00:27:03', 68),
(197, 46, 1, 'LRRDDRRULRRRRLRRDDULDLULLDUDULDDDRRURDUL', 1684458936, 784, 7847, 8949, 0, '1.0.0', '2022-05-20 10:22:03', '2022-08-16 00:05:47', 0),
(198, 46, 2, '', 789788722, 349, 5124, 2630, 0, '1.0.0', '2022-06-25 20:52:51', '2022-10-16 23:41:22', 0),
(199, 46, 3, 'LUUUDDDRDDLURLRRDDUUUDURDURRRULURLDLLL', 252857170, 459, 8205, 5712, 1, '1.0.0', '2022-10-16 20:32:36', '1970-01-01 01:00:00', 52),
(200, 47, 2, 'DURUULURLURLUULRUU', 693095328, 792, 102, 1062, 0, '1.0.0', '2022-11-03 03:12:03', '2022-12-20 05:03:26', 0),
(201, 47, 3, 'LLUDUURUL', 221990432, 952, 8021, 3211, 0, '1.0.0', '2022-08-26 23:33:28', '2022-11-05 06:11:40', 0),
(202, 48, 3, 'LRRURRUUDLDDLRRURLLLRDLDRLUD', 1551191153, 268, 1803, 7729, 0, '1.0.0', '2022-08-14 04:55:17', '2022-11-13 14:02:17', 0),
(203, 48, 2, 'UDUDRDURLUDUDU', 298979651, 761, 2169, 3437, 2, '1.0.0', '2022-08-08 11:56:33', '2022-11-03 13:12:38', 12),
(204, 48, 1, 'RLRLRRLDDLUDLUURDULDDR', 1220154442, 365, 736, 5380, 1, '1.0.0', '2022-07-15 12:57:24', '1970-01-01 01:00:00', 56),
(205, 48, 3, 'RRLULLDUDLLDUUUULRDUL', 1838566182, 103, 8266, 4720, 1, '1.0.0', '2022-12-02 20:15:57', '1970-01-01 01:00:00', 89),
(206, 48, 1, 'URLDULUDDRLRURDLRLURLDDDRDRULL', 1396796727, 538, 2535, 9011, 0, '1.0.0', '2022-11-17 18:30:21', '2022-12-08 09:05:08', 0),
(207, 48, 2, 'DDLUUUDLL', 475558847, 183, 8398, 8060, 2, '1.0.0', '2022-05-23 13:49:35', '2022-09-25 15:06:35', 47),
(208, 48, 2, 'URDRLLDLRRDLULDLRRUULDUDUDLDUUULLLLD', 1267640633, 656, 8195, 9618, 1, '1.0.0', '2022-06-10 12:50:23', '1970-01-01 01:00:00', 97),
(209, 49, 1, 'ULRLLULULLLRRULDLULUUDR', 985952129, 357, 8969, 390, 2, '1.0.0', '2022-08-20 07:09:32', '2022-11-30 22:45:00', 47),
(210, 49, 1, 'UULRRRRUULLLRRRDDDUR', 1036990389, 820, 7204, 229, 2, '1.0.0', '2022-07-09 05:21:16', '2022-07-16 11:07:28', 32),
(211, 50, 1, 'RDDLUULRD', 657033615, 594, 6310, 2925, 0, '1.0.0', '2022-06-28 02:29:43', '2022-10-10 18:55:19', 0),
(212, 50, 2, 'DULUURRDURU', 1294485976, 379, 9016, 5646, 2, '1.0.0', '2022-06-14 12:03:20', '2022-12-29 17:29:42', 15),
(213, 51, 2, 'LUDUDLDD', 2102106909, 965, 8086, 7931, 1, '1.0.0', '2022-09-19 14:01:47', '1970-01-01 01:00:00', 49),
(214, 54, 1, 'URD', 723548009, 140, 5785, 9383, 0, '1.0.0', '2022-08-14 14:48:54', '2022-11-28 05:57:20', 0),
(215, 54, 2, 'RUUUDLDRRLRRRDLLL', 626825923, 192, 5423, 2376, 1, '1.0.0', '2022-05-11 23:38:09', '1970-01-01 01:00:00', 44),
(216, 54, 2, 'RRRURLDUUURULURUUURDRRDDRLUUUUDULRLDRDLL', 1988859698, 402, 7653, 6883, 1, '1.0.0', '2022-10-10 10:28:44', '1970-01-01 01:00:00', 66),
(217, 55, 3, 'RLR', 1671891169, 869, 8665, 2801, 0, '1.0.0', '2022-06-18 05:21:37', '2022-12-29 13:57:58', 0),
(218, 55, 3, 'DULRDULURDLUDRLRRLRRLRDUUUUDULDRRLUD', 1887722533, 105, 8669, 6420, 1, '1.0.0', '2022-05-16 23:51:04', '1970-01-01 01:00:00', 41),
(219, 55, 1, 'URLLLDURRDU', 517278371, 910, 5161, 5340, 1, '1.0.0', '2022-08-19 21:05:07', '1970-01-01 01:00:00', 5),
(220, 55, 1, 'LRRDDULLLURRRLDLLRRRULLULRLUDDDULD', 1591742496, 585, 5028, 786, 0, '1.0.0', '2022-08-25 02:58:13', '2022-12-07 23:41:54', 0),
(221, 55, 3, '', 1356939555, 132, 4287, 3209, 1, '1.0.0', '2022-11-26 15:57:10', '1970-01-01 01:00:00', 60),
(222, 55, 2, 'DDUDDRUDULRUDULU', 958572397, 458, 9119, 7857, 1, '1.0.0', '2022-08-01 00:38:04', '1970-01-01 01:00:00', 8),
(223, 55, 1, 'URLLDLUDULDURDRURRLURLDURR', 656492354, 227, 8560, 9864, 1, '1.0.0', '2022-12-24 10:52:54', '1970-01-01 01:00:00', 47),
(224, 56, 1, 'RRLLUURLLDULUDU', 740186721, 646, 9380, 1150, 1, '1.0.0', '2022-09-01 21:23:30', '1970-01-01 01:00:00', 25),
(225, 56, 1, 'LLUULRUDRDR', 1448732999, 780, 7449, 7209, 0, '1.0.0', '2022-10-06 05:10:54', '2022-11-08 02:58:35', 0),
(226, 56, 1, 'RUULDLRURRULDRDURRRLDRDLURDULRLLRDDRU', 69924838, 305, 684, 8729, 0, '1.0.0', '2022-10-03 18:55:29', '2022-10-18 01:10:37', 0),
(227, 56, 1, 'DRRLRLURRLRRUULLLLUUUDDLDDUDLRRUUDD', 1504336226, 96, 5720, 600, 1, '1.0.0', '2022-11-08 10:12:32', '1970-01-01 01:00:00', 60),
(228, 56, 2, 'DRDLDULR', 553461300, 4, 2431, 1305, 0, '1.0.0', '2022-06-22 19:19:04', '2022-08-28 11:42:05', 0),
(229, 56, 1, 'LLDLRUDURLUD', 1384572123, 884, 3949, 6856, 1, '1.0.0', '2022-10-12 23:55:22', '1970-01-01 01:00:00', 55),
(230, 56, 2, 'RDRLDRLDUUULULRDRRDRDDLDURDLLRLRLULUUUR', 1432128875, 177, 1381, 1026, 0, '1.0.0', '2022-05-11 06:06:16', '2022-10-25 09:21:32', 0),
(231, 56, 1, 'UURULRDDUDRLURULLRDU', 1933747599, 731, 6493, 6652, 2, '1.0.0', '2022-10-27 06:12:20', '2022-12-24 22:59:00', 2),
(232, 57, 1, 'RRURLUDRDULRDRUDULULUUUDRRDULLU', 1882732812, 386, 6455, 1823, 2, '1.0.0', '2022-11-05 17:56:29', '2022-12-17 11:38:05', 12),
(233, 57, 2, 'LUDLURDLLDRRD', 514228867, 449, 9581, 3463, 0, '1.0.0', '2022-09-21 13:31:50', '2022-09-21 15:52:01', 0),
(234, 57, 1, 'ULUULLLULDDRUDDDULLRRR', 1299935394, 740, 3751, 9477, 0, '1.0.0', '2022-12-29 11:48:21', '2022-12-31 01:17:29', 0),
(235, 57, 1, 'DURUDURU', 466566892, 326, 7512, 2803, 0, '1.0.0', '2022-11-26 23:48:30', '2022-12-22 21:08:22', 0),
(236, 57, 1, 'RURRRLRDDDURRDRLRDLU', 1743262434, 647, 310, 3149, 1, '1.0.0', '2022-11-27 14:25:20', '1970-01-01 01:00:00', 52),
(237, 58, 2, 'DRUDLLDDLDDLDRLLULUUDDUR', 1866130617, 986, 203, 3349, 0, '1.0.0', '2022-04-27 01:35:38', '2022-07-07 01:06:24', 0),
(238, 58, 3, 'UDURULDDULDLRDLUDDULDLRRRDDRRUDLDRDLURU', 1790399765, 649, 8466, 136, 0, '1.0.0', '2022-12-17 02:42:54', '2022-12-29 07:48:32', 0),
(239, 58, 3, 'ULDDDLRLDDRRDLL', 1439200245, 913, 247, 8911, 0, '1.0.0', '2022-08-08 03:11:23', '2022-10-16 09:49:54', 0),
(240, 58, 3, 'DRRDUURUDUUDUDRRULUDLLLURUDDLRDDURUL', 957714915, 619, 4869, 633, 0, '1.0.0', '2022-07-19 13:58:30', '2022-12-10 19:20:12', 0),
(241, 58, 3, 'URUDRDLDLDURUDDUR', 1095026925, 188, 5478, 8013, 1, '1.0.0', '2022-06-04 22:16:45', '1970-01-01 01:00:00', 27),
(242, 58, 2, 'LUUULDLDLRUUULRRRRDRULULUU', 1265476416, 549, 4782, 3667, 2, '1.0.0', '2022-07-15 07:28:01', '2022-12-22 21:23:53', 3),
(243, 58, 3, 'LR', 1914019181, 121, 1416, 5562, 0, '1.0.0', '2022-05-16 19:29:11', '2022-12-08 01:31:55', 0),
(244, 59, 2, 'URURRUL', 1325252694, 332, 8463, 7893, 1, '1.0.0', '2022-11-18 03:27:48', '1970-01-01 01:00:00', 64),
(245, 59, 1, 'DUUDLRUR', 1584256300, 461, 1394, 9899, 0, '1.0.0', '2022-07-05 19:30:26', '2022-10-21 23:26:36', 0),
(246, 59, 2, 'UUDRRURRULULURRRULLDRRURLDRR', 662234659, 658, 2490, 7073, 0, '1.0.0', '2022-12-21 19:28:16', '2022-12-25 05:33:06', 0),
(247, 59, 1, 'RL', 1316162384, 783, 321, 4999, 1, '1.0.0', '2022-10-28 05:26:41', '1970-01-01 01:00:00', 20),
(248, 59, 1, 'DUULLDURLDRDLDDUDULULL', 1338914351, 68, 9450, 9496, 0, '1.0.0', '2022-07-10 13:34:58', '2022-10-29 13:40:05', 0),
(249, 59, 2, 'R', 1912560574, 247, 4368, 8165, 1, '1.0.0', '2022-12-03 18:45:53', '1970-01-01 01:00:00', 6),
(250, 59, 2, 'LULURULUDDLDLLDDDLLDDUURDLRLDLURULLU', 1803032106, 0, 9339, 2112, 1, '1.0.0', '2022-05-14 12:18:01', '1970-01-01 01:00:00', 7),
(251, 61, 1, 'DULLDRULRRRDLRURLDURLLRUDLUURU', 1946648436, 50, 479, 2546, 0, '1.0.0', '2022-08-03 03:10:10', '2022-11-24 01:27:14', 0),
(252, 63, 1, 'DRLRRULLD', 620215231, 967, 3499, 5542, 0, '1.0.0', '2022-06-24 04:38:11', '2022-07-26 09:14:40', 0),
(253, 64, 3, 'DDDLUUUULLUDLLUUUDDDDLRULRRDDURRRDL', 2050599441, 91, 1888, 2480, 2, '1.0.0', '2022-12-21 09:15:51', '2022-12-24 04:11:28', 48),
(254, 64, 2, 'RURRRLLLUURULLLLLRDLDUDDRDDL', 48446981, 918, 3556, 9483, 1, '1.0.0', '2022-06-12 23:01:00', '1970-01-01 01:00:00', 13),
(255, 64, 2, 'LLUUDDUDURLUUULRRUURRLLDLDDDLRULURD', 1695060689, 70, 2871, 7130, 0, '1.0.0', '2022-11-13 20:50:51', '2022-11-14 22:09:40', 0),
(256, 64, 3, 'RRUDLRLLURDLRDDULLRUDULURLUDLRRLULU', 1908113105, 328, 6358, 204, 1, '1.0.0', '2022-07-03 19:06:53', '1970-01-01 01:00:00', 64),
(257, 64, 2, 'ULDD', 1231472043, 752, 4115, 7166, 0, '1.0.0', '2022-05-10 12:46:37', '2022-06-29 06:17:52', 0),
(258, 64, 1, 'DUUDDLUDDRLLRDLRRLURDDLUUUDRLRRDLL', 269869445, 506, 6089, 4330, 0, '1.0.0', '2022-04-17 04:18:46', '2022-07-18 07:59:56', 0),
(259, 64, 1, 'LDDDULDURLRURDRRRLLRDRLU', 1369793993, 741, 1340, 3806, 1, '1.0.0', '2022-10-20 04:57:12', '1970-01-01 01:00:00', 8),
(260, 64, 1, 'LDDULLL', 1187392488, 355, 680, 665, 1, '1.0.0', '2022-06-28 13:52:03', '1970-01-01 01:00:00', 25),
(261, 64, 1, 'ULUDLRRURRUULDRDDRUDLDLLUDLRDLLLRRURL', 1764511713, 527, 6396, 6248, 2, '1.0.0', '2022-07-17 19:26:27', '2022-10-30 02:12:05', 81),
(262, 66, 1, 'URULDDUDLDRRLULDUDDRLDUDDR', 475728403, 775, 6003, 6925, 2, '1.0.0', '2022-11-10 06:33:02', '2022-12-27 18:07:27', 40),
(263, 67, 1, 'RURUULLRLLURUDURLLLLDRLUDRDDR', 2137598169, 47, 6230, 8896, 2, '1.0.0', '2022-04-22 02:01:38', '2022-08-22 17:39:30', 17),
(264, 67, 2, 'UDRRUDRLUDULDDRUDLURRRUULUULL', 1986476835, 473, 7927, 2781, 0, '1.0.0', '2022-04-17 12:32:12', '2022-04-30 19:48:48', 0),
(265, 67, 1, 'RDDDULDLRLDD', 1084263759, 45, 2178, 507, 0, '1.0.0', '2022-05-19 12:57:14', '2022-11-30 20:36:43', 0),
(266, 67, 1, 'LURRUULRDUDRLUDUDLUURDLLU', 1145046926, 650, 4815, 2040, 0, '1.0.0', '2022-09-26 08:47:04', '2022-11-15 23:53:04', 0),
(267, 67, 2, 'LURLURDRRRLDDDRURRDUULRUDRU', 2116736912, 10, 6746, 7619, 1, '1.0.0', '2022-11-06 19:04:34', '1970-01-01 01:00:00', 5),
(268, 67, 2, 'RULDLDLDDLLRRDULLULDUDUUUU', 761340087, 371, 1591, 8683, 0, '1.0.0', '2022-11-05 21:45:11', '2022-12-28 20:33:43', 0),
(269, 67, 2, 'RDRDL', 1798989450, 972, 6505, 7087, 0, '1.0.0', '2022-08-23 17:55:02', '2022-10-10 08:48:45', 0),
(270, 68, 2, 'LLRDUDLDLURDLLRDUULRRRR', 1365068540, 126, 1904, 6441, 0, '1.0.0', '2022-05-07 04:03:11', '2022-09-12 19:59:45', 0),
(271, 68, 2, 'LDLUDURDLULRUUDRRDDURRRDRLUDURDL', 1702860647, 34, 9900, 9123, 0, '1.0.0', '2022-07-24 02:48:55', '2022-09-17 00:04:06', 0),
(272, 68, 1, 'URRURDDURDDDRRUULLUUUDUDDRLRURLL', 1899436020, 673, 4478, 9567, 1, '1.0.0', '2022-05-26 02:44:47', '1970-01-01 01:00:00', 69),
(273, 70, 1, 'DDDUDDLDLUDLLRRLLRURLDDLULRLRUUD', 28351971, 770, 8446, 575, 1, '1.0.0', '2022-12-18 21:11:30', '1970-01-01 01:00:00', 70),
(274, 70, 2, 'RUUUURLDRURRLDDRRRDURLLRURULLRDRLU', 1910937789, 815, 7940, 4638, 2, '1.0.0', '2022-05-20 09:12:05', '2022-11-27 08:48:41', 62),
(275, 70, 3, 'RDLRLDULLLDUDLULRURD', 1993517037, 968, 6308, 1252, 1, '1.0.0', '2022-05-31 22:16:06', '1970-01-01 01:00:00', 62),
(276, 70, 1, 'RDRDLRLLRRRDLLDDRUDDLDLR', 953988528, 879, 7833, 6952, 1, '1.0.0', '2022-05-28 12:42:02', '1970-01-01 01:00:00', 6),
(277, 71, 3, 'LUDLLLRLRRDLLRDRRULUDULULLRUDDUDDR', 133216328, 366, 4461, 8615, 2, '1.0.0', '2022-12-16 16:32:25', '2022-12-30 02:41:50', 19),
(278, 71, 3, 'URLULUDLDLLDRRUDRRLRRRDL', 1653021198, 952, 1485, 5266, 0, '1.0.0', '2022-04-15 13:53:46', '2022-08-03 00:27:51', 0),
(279, 72, 1, 'LDU', 821690938, 574, 1193, 943, 0, '1.0.0', '2022-12-03 03:37:45', '2022-12-13 04:45:18', 0),
(280, 73, 1, 'DRLDRRL', 577909411, 871, 7532, 2061, 1, '1.0.0', '2022-12-24 23:33:42', '1970-01-01 01:00:00', 99),
(281, 73, 2, 'DRDDLDRRUUDLRRLUULDLLRDRLRDULDRRL', 1863968270, 781, 2686, 9607, 1, '1.0.0', '2022-12-27 00:11:47', '1970-01-01 01:00:00', 77),
(282, 74, 2, 'UUDDURRRLDLDRLLDLLLRRDUR', 209969369, 49, 8356, 3760, 0, '1.0.0', '2022-10-26 09:37:36', '2022-11-27 13:20:18', 0),
(283, 74, 3, 'RLULDRUDRLURRUDLDUDRRLLLUDLRLLULDRRR', 1408649007, 960, 4616, 3819, 0, '1.0.0', '2022-04-26 22:10:01', '2022-12-27 19:02:18', 0),
(284, 74, 1, 'DUUDDULLUUDDDRDDRULR', 2142255043, 890, 6801, 7332, 1, '1.0.0', '2022-07-02 05:19:41', '1970-01-01 01:00:00', 20),
(285, 74, 2, 'RDURDUURLLDRDDRULDLDDRRUDLLRULRDRUL', 158855974, 617, 3496, 6619, 1, '1.0.0', '2022-09-18 04:27:56', '1970-01-01 01:00:00', 17),
(286, 74, 3, 'LLRDULRDRURLRRUDDRDDDDRULRRDLRRULDDR', 1420732795, 302, 3062, 1799, 1, '1.0.0', '2022-07-30 14:30:05', '1970-01-01 01:00:00', 65),
(287, 74, 2, 'LLR', 766835256, 260, 9210, 8566, 2, '1.0.0', '2022-07-20 04:12:28', '2022-10-02 11:14:51', 22),
(288, 74, 3, 'ULDRLRRRDLD', 1666197235, 879, 5121, 9488, 2, '1.0.0', '2022-08-06 10:10:35', '2022-08-23 07:43:58', 27),
(289, 75, 2, 'LUURRLDLULULLLRDLRLLLRRLDU', 1851314716, 827, 9129, 6202, 2, '1.0.0', '2022-12-28 06:35:19', '2022-12-30 20:46:06', 27),
(290, 75, 1, 'DLRLLULLRRDRUUDRRUDULRRRUUDRDLDRURRD', 1393444860, 514, 9614, 5364, 2, '1.0.0', '2022-10-26 05:47:43', '2022-12-11 01:23:03', 65),
(291, 75, 3, 'DRLDLURDDRRLRDDRDULDRRDUUDRLDLDRURDDDDRU', 42979846, 58, 6280, 7321, 1, '1.0.0', '2022-04-24 18:21:27', '1970-01-01 01:00:00', 94),
(292, 75, 3, 'LULLDLDDURDDDRDDDLRDL', 245573526, 978, 8254, 1618, 0, '1.0.0', '2022-09-06 04:42:09', '2022-10-11 10:44:41', 0),
(293, 75, 2, 'DDRDU', 172353746, 191, 9516, 9422, 0, '1.0.0', '2022-08-02 17:58:14', '2022-11-22 18:36:06', 0),
(294, 75, 1, 'RDDLDUDURLURULRUUDUUULRURLUUUDLUDDURUR', 1978133782, 23, 4098, 1209, 2, '1.0.0', '2022-09-16 01:12:36', '2022-10-17 22:25:08', 45),
(295, 76, 2, 'DUDU', 2018759621, 180, 9842, 2250, 1, '1.0.0', '2022-07-14 08:13:39', '1970-01-01 01:00:00', 55),
(296, 77, 2, 'DRDLRLRDLDULRURUDRUU', 454507941, 834, 4161, 5227, 2, '1.0.0', '2022-06-14 20:56:23', '2022-08-17 02:10:26', 48),
(297, 77, 1, 'UUDULLULRLURRDRUULULLUURLRDUULDLLUDD', 119930231, 187, 6198, 5851, 0, '1.0.0', '2022-04-15 18:29:55', '2022-06-10 01:04:48', 0),
(298, 77, 1, 'DD', 2045393108, 188, 5883, 1619, 2, '1.0.0', '2022-06-19 01:49:35', '2022-08-14 12:08:39', 55),
(299, 77, 2, 'UUDURDUDRDLURRRURURRURLLURLD', 1916688708, 70, 9866, 5963, 2, '1.0.0', '2022-07-04 20:24:39', '2022-07-17 12:33:05', 100),
(300, 77, 1, 'ULRRRLRUUUULLURRLULURLRRRURLRLLDURDDRD', 1244944466, 229, 1233, 8428, 0, '1.0.0', '2022-07-22 22:50:34', '2022-10-21 08:45:09', 0),
(301, 78, 1, 'LUDUUDDDUURLDLDULURRRRRLDLDLRUR', 389821252, 726, 5073, 7351, 2, '1.0.0', '2022-12-13 20:25:02', '2022-12-18 09:19:41', 52),
(302, 78, 2, 'LUDDLUURUDDRLRU', 399025868, 868, 6916, 7593, 2, '1.0.0', '2022-06-10 21:19:50', '2022-12-27 23:30:01', 17),
(303, 78, 2, 'LLDU', 787493021, 514, 3244, 4991, 2, '1.0.0', '2022-05-06 23:50:13', '2022-07-12 01:24:58', 56),
(304, 78, 1, 'UDULULDLUDLLURRRULRUDUL', 336540337, 717, 7287, 7854, 2, '1.0.0', '2022-10-16 00:13:49', '2022-11-24 12:26:44', 51),
(305, 78, 2, 'DLDLUDURDDRLLDUUULRLDURDDDDLRU', 557768157, 588, 8924, 4059, 1, '1.0.0', '2022-12-04 01:26:31', '1970-01-01 01:00:00', 80),
(306, 78, 2, 'RLLUDUDLULLUUUDUUUULLDDRURLDLL', 1472821291, 207, 6706, 9258, 2, '1.0.0', '2022-12-20 05:22:49', '2022-12-23 16:03:07', 95),
(307, 78, 1, 'LLLUUURRLRUDDRR', 687804044, 385, 8791, 3767, 1, '1.0.0', '2022-11-20 23:19:12', '1970-01-01 01:00:00', 33),
(308, 78, 2, 'DUUDRURDRDRLURRLRRRUDDDDURULRLDRURL', 747271403, 246, 3418, 5762, 0, '1.0.0', '2022-05-11 00:30:28', '2022-05-20 13:49:15', 0),
(309, 79, 1, 'UDRUDULDDLUDULDLRDUR', 224971526, 659, 3302, 9054, 0, '1.0.0', '2022-09-01 03:44:25', '2022-11-25 16:39:00', 0),
(310, 79, 2, 'RRUDDLLR', 12075553, 499, 579, 4130, 0, '1.0.0', '2022-09-12 22:05:22', '2022-10-08 22:46:02', 0),
(311, 79, 1, 'RUUURLDUULDURLUULUDLLRURRDL', 465373482, 283, 3930, 1229, 0, '1.0.0', '2022-12-13 05:07:47', '2022-12-17 04:08:45', 0),
(312, 79, 1, 'LRULDDRUURUUUDLULLRLDLUUULUU', 1196922505, 272, 4429, 2193, 1, '1.0.0', '2022-09-06 12:03:01', '1970-01-01 01:00:00', 22),
(313, 79, 1, 'UUURRURRLLUUDULRLDDDU', 1861410808, 864, 1273, 1155, 1, '1.0.0', '2022-11-14 03:26:31', '1970-01-01 01:00:00', 81),
(314, 79, 2, 'LRDLLDULULUUUDUURDLDRUDRDURRRULDRDUDU', 143013383, 855, 1711, 1592, 2, '1.0.0', '2022-07-27 04:13:28', '2022-08-19 04:39:26', 34),
(315, 80, 2, 'UR', 1671309770, 10, 5238, 5965, 0, '1.0.0', '2022-08-16 16:05:21', '2022-09-03 06:58:04', 0),
(316, 80, 1, 'ULLDLLRDLRRLULDU', 1083815104, 254, 5270, 7714, 0, '1.0.0', '2022-09-03 11:35:01', '2022-10-21 18:05:14', 0),
(317, 80, 3, 'RDRLLDRDRLLLDRRLUUDRLLLLDRLRRU', 140849554, 98, 6491, 2012, 2, '1.0.0', '2022-09-19 20:38:13', '2022-12-14 12:30:31', 23),
(318, 80, 2, 'UUUDRUULUURRDDLURDLULULRRULRRLU', 1457575124, 728, 2782, 9312, 0, '1.0.0', '2022-08-25 22:52:23', '2022-10-16 07:44:29', 0),
(319, 80, 1, 'U', 685102522, 342, 1950, 7075, 2, '1.0.0', '2022-05-26 15:25:25', '2022-09-18 22:13:23', 86),
(320, 81, 2, 'RDLDDDURUDLRLRULRLLRLRLRLUDUDLLLLDRLLU', 13349326, 495, 3335, 4081, 0, '1.0.0', '2022-06-17 06:56:45', '2022-09-25 19:32:45', 0),
(321, 81, 1, 'LLULDURLLRUURDLUUDLULRRR', 380559424, 388, 3994, 9486, 1, '1.0.0', '2022-11-04 11:49:11', '1970-01-01 01:00:00', 89),
(322, 81, 2, 'L', 101869204, 331, 3759, 3837, 2, '1.0.0', '2022-07-26 19:09:19', '2022-12-07 11:07:21', 84),
(323, 82, 2, 'RURRUUUDLDULUUDUURLDDDRLRRDUUULRUUUUURLL', 1028784322, 20, 9775, 3240, 2, '1.0.0', '2022-09-05 05:49:59', '2022-12-19 10:33:45', 66),
(324, 82, 2, 'LRLRDU', 377035317, 803, 1291, 5048, 0, '1.0.0', '2022-04-25 11:11:31', '2022-10-20 08:37:08', 0),
(325, 82, 2, 'UDDUUURRRDLLULDRLLLDRDLURUDDLDR', 1246978326, 349, 8552, 4532, 1, '1.0.0', '2022-09-29 21:42:08', '1970-01-01 01:00:00', 51),
(326, 82, 2, 'RUUDURUULUDRURDRRRLLLDLLLDLR', 759625910, 613, 7293, 954, 0, '1.0.0', '2022-12-23 22:42:54', '2022-12-24 08:15:36', 0),
(327, 82, 1, 'LLRRDLRRRUDULRLUR', 1746629957, 411, 5954, 5859, 2, '1.0.0', '2022-10-06 22:32:30', '2022-11-12 04:28:20', 23),
(328, 82, 2, 'RDDDLUUDRDLUURRRLRRDULLRDDDLDU', 95598172, 260, 3550, 5798, 2, '1.0.0', '2022-07-14 05:41:58', '2022-11-07 14:18:13', 39),
(329, 83, 3, 'DUULRLULLULULRD', 626496151, 362, 5458, 8141, 0, '1.0.0', '2022-11-16 15:10:03', '2022-12-16 18:02:56', 0),
(330, 83, 3, 'UDUDULUR', 158022804, 235, 6720, 5721, 2, '1.0.0', '2022-11-06 13:43:45', '2022-11-18 00:55:12', 4),
(331, 83, 3, 'DLLUURUDURULLULRURUDRULULLDURDDRDULR', 1084880188, 147, 7637, 1121, 1, '1.0.0', '2022-10-13 00:46:15', '1970-01-01 01:00:00', 71),
(332, 83, 2, 'LRUULRRLLDDRDDURLDRLRLDLRDDDULDDLLD', 1311222861, 699, 2886, 3094, 0, '1.0.0', '2022-04-16 22:34:02', '2022-09-30 14:25:50', 0),
(333, 83, 2, 'LRLULURURUDRRUL', 1278796087, 546, 491, 213, 0, '1.0.0', '2022-12-07 06:09:38', '2022-12-22 04:02:37', 0),
(334, 84, 2, 'RRRUD', 1231671491, 430, 7410, 9794, 2, '1.0.0', '2022-04-16 23:21:43', '2022-06-16 23:11:20', 55),
(335, 84, 1, 'UDUDDRUURDLLULLRL', 856122043, 167, 6415, 8417, 2, '1.0.0', '2022-07-24 12:56:12', '2022-09-21 13:24:50', 75),
(336, 84, 2, 'RRRUDUUDDD', 1676190894, 740, 9055, 402, 0, '1.0.0', '2022-11-21 07:50:29', '2022-12-16 23:16:25', 0),
(337, 85, 1, 'LUUURULLULDDRU', 1710569214, 391, 9089, 7439, 0, '1.0.0', '2022-06-09 06:41:34', '2022-08-07 02:00:22', 0),
(338, 85, 2, 'ULLRD', 1507375166, 631, 2598, 4806, 2, '1.0.0', '2022-08-08 23:48:56', '2022-12-01 02:08:38', 13),
(339, 85, 1, 'RDUDURULDRDUUDLRULR', 1364308965, 381, 3404, 7287, 1, '1.0.0', '2022-10-07 17:39:00', '1970-01-01 01:00:00', 38),
(340, 85, 1, 'ULURLRUULDUDLDDDLUR', 460727046, 916, 7816, 403, 0, '1.0.0', '2022-09-07 05:01:29', '2022-09-25 19:16:22', 0),
(341, 86, 2, 'LR', 1442897228, 928, 9993, 1012, 0, '1.0.0', '2022-11-23 14:02:33', '2022-12-08 01:57:18', 0),
(342, 86, 2, 'LRDRDUDDRLRLLLDLLDLUUUULDLUR', 593887723, 668, 1459, 1597, 1, '1.0.0', '2022-09-21 22:32:27', '1970-01-01 01:00:00', 68),
(343, 86, 2, 'DDLRLLDUURLDDUDRULLLRDRLLDLUL', 1913602661, 76, 7030, 3377, 0, '1.0.0', '2022-07-30 05:29:19', '2022-11-22 08:19:44', 0),
(344, 86, 1, 'ULRLUDUDLRUUDRLUURLRLDDURRDDRDRUURRR', 1098456030, 941, 8037, 7241, 0, '1.0.0', '2022-08-06 07:12:31', '2022-12-03 05:55:15', 0),
(345, 87, 2, 'DLULRRUDR', 2056055679, 259, 8931, 2559, 2, '1.0.0', '2022-12-27 13:46:21', '2022-12-30 00:59:22', 56),
(346, 87, 2, 'ULDUDLLUULLUDRULRDDUDDRLRUUDRULRRRDLRU', 1533944225, 643, 1525, 9489, 0, '1.0.0', '2022-08-22 05:06:18', '2022-11-12 01:28:06', 0),
(347, 87, 2, 'LL', 348500236, 832, 2828, 8383, 0, '1.0.0', '2022-11-25 09:32:15', '2022-12-26 08:13:30', 0),
(348, 87, 2, 'DLUDRLRURLRDUUDDRRLDLRD', 1707994342, 723, 5838, 6215, 2, '1.0.0', '2022-08-01 18:21:08', '2022-09-17 00:50:05', 4),
(349, 87, 1, 'RURLLLDLUDRLULRLULLRLLLR', 744840421, 271, 9527, 4820, 1, '1.0.0', '2022-12-30 04:04:26', '1970-01-01 01:00:00', 79),
(350, 87, 1, 'UDDUUDLULLUULURLRUDULURLUDDRUDR', 1089322594, 374, 5940, 3420, 1, '1.0.0', '2022-07-17 11:48:31', '1970-01-01 01:00:00', 46),
(351, 87, 2, 'LLUUD', 986935431, 116, 4868, 4978, 2, '1.0.0', '2022-04-22 05:51:58', '2022-08-02 06:46:11', 18),
(352, 87, 1, 'LUULUUDDDLDLUULLDURRRLRDDULLUU', 1206264183, 378, 7897, 4630, 0, '1.0.0', '2022-09-13 02:20:02', '2022-11-25 22:17:33', 0),
(353, 87, 2, 'ULLULUURUDDRRLRDLDLLRULR', 281473737, 916, 1052, 6711, 0, '1.0.0', '2022-10-11 00:12:36', '2022-12-01 16:26:34', 0),
(354, 88, 2, 'RLRRDDULUDUULLUUDR', 702973406, 722, 8441, 198, 0, '1.0.0', '2022-11-02 16:08:53', '2022-12-25 19:29:05', 0),
(355, 89, 1, 'DURDURURR', 839496723, 484, 3286, 8643, 1, '1.0.0', '2022-05-14 12:00:24', '1970-01-01 01:00:00', 10),
(356, 89, 1, 'LDRRRRRULRRRRUUDUDLRLDUULUDDRUU', 1946705314, 901, 7515, 7596, 1, '1.0.0', '2022-12-12 03:09:53', '1970-01-01 01:00:00', 3),
(357, 89, 3, 'RLL', 1040050098, 609, 3976, 3911, 0, '1.0.0', '2022-09-23 21:49:53', '2022-10-07 12:46:55', 0),
(358, 89, 3, '', 1356447680, 125, 1544, 8923, 1, '1.0.0', '2022-09-28 16:25:20', '1970-01-01 01:00:00', 24),
(359, 89, 1, 'URLDRLULRRUDLDLRLDRLRRRDRRRDRLRL', 457582924, 182, 9778, 6114, 0, '1.0.0', '2022-07-17 11:35:57', '2022-12-22 11:12:18', 0),
(360, 89, 3, 'UDDLRLUULLDLUUDUUURULUDRLL', 2117983453, 989, 5896, 6705, 0, '1.0.0', '2022-11-13 21:51:03', '2022-12-28 10:14:59', 0),
(361, 90, 2, 'LR', 1076124159, 316, 1087, 9534, 1, '1.0.0', '2022-07-09 03:42:08', '1970-01-01 01:00:00', 57),
(362, 90, 1, 'LLRRDRR', 1064262064, 5, 4874, 4595, 0, '1.0.0', '2022-09-26 00:34:55', '2022-11-02 02:04:01', 0),
(363, 90, 3, 'DRRLUUDDDLRUUUUDUDDDDURDDURDRUDUURLLR', 85690769, 248, 3685, 3511, 1, '1.0.0', '2022-07-30 05:08:09', '1970-01-01 01:00:00', 29),
(364, 90, 2, 'UU', 2091895999, 935, 9848, 9684, 1, '1.0.0', '2022-05-15 11:37:25', '1970-01-01 01:00:00', 16),
(365, 90, 1, 'DRLUR', 1677379686, 972, 6887, 6900, 0, '1.0.0', '2022-06-11 15:01:17', '2022-11-06 18:27:47', 0),
(366, 90, 1, 'LL', 112309366, 633, 1631, 4974, 0, '1.0.0', '2022-08-25 08:17:20', '2022-10-23 04:54:17', 0),
(367, 91, 2, 'LURDDLDUURRRRLDDRDUUDLLUL', 987556056, 965, 5408, 287, 2, '1.0.0', '2022-07-25 01:44:18', '2022-09-21 07:18:20', 93),
(368, 91, 2, 'UDLRRDLDRUDRRULULLRLRRDULRUDRRDRUDLRDRD', 892175799, 584, 961, 5927, 0, '1.0.0', '2022-11-08 05:12:32', '2022-12-04 07:52:58', 0),
(369, 91, 1, 'URLULUDUDRU', 1765190124, 885, 7658, 4824, 2, '1.0.0', '2022-11-02 08:19:35', '2022-11-26 18:39:27', 3),
(370, 91, 2, 'UDRDDLUDRUDURURDULDRRRUULRUDLURDRU', 564623305, 377, 4761, 4493, 0, '1.0.0', '2022-05-29 22:27:03', '2022-10-15 08:43:09', 0),
(371, 92, 1, 'DUDLLLDLLLDURLLLRDLRLRRU', 142694724, 734, 6559, 3473, 2, '1.0.0', '2022-12-16 14:56:03', '2022-12-21 19:31:58', 63),
(372, 92, 2, 'LUUDRLLLLLDDLURRDDLRDLRLLRDDRDRLUULDRLU', 2095741209, 95, 2961, 5033, 2, '1.0.0', '2022-10-11 05:00:13', '2022-11-05 19:39:28', 89),
(373, 93, 1, 'LRUUDLDLD', 289012575, 139, 9887, 9828, 0, '1.0.0', '2022-12-08 02:32:58', '2022-12-19 18:18:11', 0),
(374, 93, 2, 'LLURDRRDRLLLRRLRDURDDLRUDLD', 711991135, 388, 9208, 7540, 1, '1.0.0', '2022-12-13 16:19:50', '1970-01-01 01:00:00', 7),
(375, 93, 1, 'RURLURULDUUUULDRRD', 1754686846, 328, 2279, 1434, 1, '1.0.0', '2022-11-01 13:42:23', '1970-01-01 01:00:00', 93),
(376, 93, 2, 'LRD', 239675705, 231, 183, 9212, 1, '1.0.0', '2022-07-03 15:42:07', '1970-01-01 01:00:00', 73),
(377, 93, 2, 'UDDLRRLLDLLLURRR', 2127081286, 35, 407, 4912, 0, '1.0.0', '2022-08-26 00:08:23', '2022-10-17 11:48:51', 0),
(378, 94, 3, 'URRDUDLDDUUDLLRRDRLRDDDLDUUURUDUDULULDDD', 1101227465, 913, 972, 6390, 2, '1.0.0', '2022-05-09 02:49:02', '2022-09-17 13:11:33', 83),
(379, 94, 2, 'UDRRDLURULRLULUURDULRUUDLDRLLRRDRURDR', 1625523368, 530, 3847, 4714, 2, '1.0.0', '2022-07-04 22:18:19', '2022-07-30 21:19:35', 32),
(380, 94, 2, 'LDUDLRRRLDLUDRDDURDLLDRLLRLDUDR', 490314244, 604, 3863, 2229, 2, '1.0.0', '2022-11-19 17:22:58', '2022-12-27 08:19:32', 16),
(381, 94, 2, 'UDRLLURLLRUDRLDDDURULURLDULLLRR', 2077688249, 409, 9815, 5649, 1, '1.0.0', '2022-12-02 18:13:41', '1970-01-01 01:00:00', 67),
(382, 95, 3, 'RRULDURRURLUDRLRURLRLD', 1761003610, 37, 130, 8485, 0, '1.0.0', '2022-08-14 03:07:17', '2022-11-03 02:37:52', 0),
(383, 95, 2, 'DRLRLLLRLDRURULLRDDRDUDUL', 1675056885, 932, 385, 1424, 1, '1.0.0', '2022-08-14 09:26:06', '1970-01-01 01:00:00', 55),
(384, 95, 3, 'UDDL', 1300529417, 837, 6017, 3280, 1, '1.0.0', '2022-05-22 04:41:09', '1970-01-01 01:00:00', 6),
(385, 96, 1, 'DURDLRRDRULL', 672008975, 405, 1878, 5665, 1, '1.0.0', '2022-07-02 16:32:07', '1970-01-01 01:00:00', 49),
(386, 96, 2, 'ULRRLDRRURRLDRLLDR', 1456518549, 77, 1504, 1252, 0, '1.0.0', '2022-08-13 06:14:31', '2022-10-15 21:27:15', 0),
(387, 96, 2, 'ULUDUULRLLRURRUUDDLLU', 1641724507, 873, 1556, 5712, 2, '1.0.0', '2022-05-06 03:10:07', '2022-07-19 12:22:02', 85),
(388, 96, 1, 'RL', 1332424180, 962, 377, 8824, 0, '1.0.0', '2022-11-24 13:55:44', '2022-12-13 14:15:58', 0),
(389, 96, 1, 'LLRRLUU', 97108987, 41, 7393, 7318, 1, '1.0.0', '2022-07-14 21:06:42', '1970-01-01 01:00:00', 35),
(390, 96, 1, 'DRULUUDDDRDRRDDLDDUDLUDLRLLLLUU', 652683732, 786, 6650, 2208, 2, '1.0.0', '2022-06-14 22:14:24', '2022-10-07 14:13:20', 32),
(391, 96, 2, 'LDDURLRURULDUD', 729186828, 419, 3962, 7034, 1, '1.0.0', '2022-07-21 02:49:36', '1970-01-01 01:00:00', 74),
(392, 96, 2, 'UULLLUDLDLLDLRDRRDRRUULRLRDRDRURRDDLR', 1960345889, 387, 2655, 5729, 2, '1.0.0', '2022-04-19 23:17:17', '2022-05-15 08:39:52', 6),
(393, 96, 1, 'DLDRRLDDUUDDRLDRU', 1993956836, 489, 1711, 4260, 1, '1.0.0', '2022-06-07 18:34:14', '1970-01-01 01:00:00', 14),
(394, 97, 1, 'URULU', 1800657471, 242, 5624, 7881, 1, '1.0.0', '2022-05-15 10:08:23', '1970-01-01 01:00:00', 47),
(395, 97, 2, 'RRRRUUUUDLRRUDRUL', 1933603006, 282, 1011, 5873, 2, '1.0.0', '2022-09-06 11:49:39', '2022-10-04 21:05:36', 44),
(396, 97, 2, 'LRDDURRDLLDUUURLLDRRR', 1680113849, 477, 9950, 9651, 0, '1.0.0', '2022-12-06 01:47:01', '2022-12-13 04:02:20', 0);
INSERT INTO `run` (`id`, `user_id`, `class_id`, `path`, `seed`, `gold`, `score`, `runtime`, `progress`, `version`, `startdate`, `enddate`, `currenthp`) VALUES
(397, 97, 1, 'ULRUDLLURLU', 1306141883, 354, 7460, 6884, 2, '1.0.0', '2022-06-04 02:26:14', '2022-09-12 23:04:27', 71),
(398, 97, 2, 'RULULRRUDRLRL', 191593569, 272, 6832, 9252, 0, '1.0.0', '2022-05-07 11:48:17', '2022-06-21 17:54:39', 0),
(399, 97, 1, 'UUUDLLULLURRUDURDLURDDLD', 1946152625, 883, 5547, 5916, 2, '1.0.0', '2022-08-11 22:18:25', '2022-09-22 01:31:23', 5),
(400, 97, 2, 'LDLDRULU', 1054487003, 475, 816, 9965, 2, '1.0.0', '2022-07-13 19:37:45', '2022-12-16 16:15:13', 16),
(401, 97, 2, 'DRDUDUDDUD', 26199100, 564, 1049, 8930, 2, '1.0.0', '2022-08-10 21:10:06', '2022-09-22 08:09:51', 41),
(402, 97, 2, 'LLDUDRLU', 292455141, 908, 5090, 6661, 0, '1.0.0', '2022-05-31 17:49:13', '2022-10-01 10:01:14', 0),
(403, 98, 1, 'DRDLRR', 681410307, 247, 5573, 116, 2, '1.0.0', '2022-11-27 06:09:21', '2022-12-26 10:38:11', 74),
(404, 98, 1, 'LUURDRRULDLUDLDRDLDLUUULUUURLDRL', 456864730, 615, 3936, 37, 0, '1.0.0', '2022-07-13 05:55:19', '2022-07-26 18:05:43', 0),
(405, 98, 1, 'RDLUURDRLRUDUDLDRDRDDLDURRUUDDRUDDRLL', 635381479, 214, 7597, 7928, 1, '1.0.0', '2022-05-26 12:34:39', '1970-01-01 01:00:00', 70),
(406, 98, 2, 'DUDDLDLDLUUULLL', 1671196815, 866, 3341, 375, 0, '1.0.0', '2022-05-08 17:14:09', '2022-10-28 06:58:06', 0),
(407, 99, 2, 'DLLURLDURDLLRLUUUDLRRUUDLDRDDDLDLR', 1979616744, 523, 1670, 984, 0, '1.0.0', '2022-12-23 08:48:35', '2022-12-25 08:35:21', 0),
(408, 99, 1, 'RDUUDLRLULLULLDRRLURDLLLURDRLDLLUDLDUUDL', 750803628, 353, 6272, 283, 0, '1.0.0', '2022-10-09 19:47:17', '2022-11-12 00:09:36', 0),
(409, 99, 2, 'LUURUUDDULUURLRLL', 1331141882, 503, 3696, 7898, 2, '1.0.0', '2022-04-15 21:51:36', '2022-06-24 20:22:15', 57),
(410, 99, 2, 'RLUULRLLUUULDURULURLRLLRRRLLLURLDRDDUUDU', 1538251617, 480, 1932, 7565, 2, '1.0.0', '2022-10-19 10:14:08', '2022-11-26 20:38:21', 19),
(411, 99, 2, 'UULL', 535504986, 488, 1285, 7301, 0, '1.0.0', '2022-10-27 11:11:09', '2022-12-20 22:18:57', 0),
(412, 99, 1, 'DLDLR', 1603414374, 232, 2657, 9862, 2, '1.0.0', '2022-08-27 07:47:11', '2022-11-15 06:08:18', 15);

-- --------------------------------------------------------

--
-- Tábla szerkezet ehhez a táblához `run_artifact`
--

CREATE TABLE `run_artifact` (
  `run_id` int(11) NOT NULL,
  `artifact_id` int(11) NOT NULL,
  `picked` int(11) NOT NULL,
  `seen` int(11) NOT NULL,
  `used` int(11) NOT NULL
) ENGINE=InnoDB DEFAULT CHARSET=utf8;

-- --------------------------------------------------------

--
-- Tábla szerkezet ehhez a táblához `run_enemy`
--

CREATE TABLE `run_enemy` (
  `run_id` int(11) NOT NULL,
  `enemy_id` int(11) NOT NULL,
  `deaths` int(11) UNSIGNED NOT NULL,
  `seen` int(11) UNSIGNED NOT NULL,
  `demage` float UNSIGNED NOT NULL
) ENGINE=InnoDB DEFAULT CHARSET=utf8;

--
-- A tábla adatainak kiíratása `run_enemy`
--

INSERT INTO `run_enemy` (`run_id`, `enemy_id`, `deaths`, `seen`, `demage`) VALUES
(1, 1, 38, 9, 59),
(1, 2, 41, 22, 961),
(1, 3, 6, 20, 991),
(1, 4, 49, 6, 784),
(1, 5, 32, 21, 152),
(1, 6, 11, 40, 381),
(2, 1, 23, 37, 391),
(2, 2, 45, 45, 733),
(2, 3, 39, 45, 194),
(2, 4, 18, 33, 803),
(2, 5, 7, 39, 130),
(2, 6, 6, 3, 22),
(3, 1, 49, 28, 396),
(3, 2, 43, 44, 28),
(3, 3, 7, 37, 461),
(3, 4, 47, 2, 883),
(3, 5, 19, 16, 334),
(3, 6, 26, 20, 316),
(4, 1, 12, 33, 902),
(4, 2, 42, 35, 230),
(4, 3, 26, 5, 307),
(4, 4, 31, 2, 563),
(4, 5, 28, 22, 234),
(4, 6, 4, 9, 739),
(5, 1, 10, 46, 276),
(5, 2, 15, 39, 15),
(5, 3, 13, 6, 393),
(5, 4, 35, 12, 533),
(5, 5, 30, 34, 568),
(5, 6, 37, 36, 167),
(6, 1, 43, 13, 527),
(6, 2, 32, 30, 437),
(6, 3, 16, 34, 128),
(6, 4, 49, 34, 199),
(6, 5, 28, 20, 545),
(6, 6, 9, 32, 193),
(7, 1, 7, 29, 74),
(7, 2, 22, 6, 211),
(7, 3, 21, 10, 998),
(7, 4, 27, 1, 478),
(7, 5, 28, 36, 171),
(7, 6, 6, 27, 997),
(8, 1, 44, 2, 14),
(8, 2, 7, 39, 245),
(8, 3, 17, 49, 115),
(8, 4, 41, 28, 833),
(8, 5, 40, 26, 782),
(8, 6, 11, 26, 899),
(9, 1, 26, 45, 517),
(9, 2, 45, 32, 316),
(9, 3, 18, 41, 493),
(9, 4, 32, 22, 983),
(9, 5, 20, 32, 119),
(9, 6, 9, 31, 269),
(10, 1, 22, 1, 263),
(10, 2, 46, 41, 336),
(10, 3, 18, 32, 109),
(10, 4, 19, 12, 562),
(10, 5, 35, 50, 187),
(10, 6, 21, 50, 378),
(11, 1, 16, 48, 693),
(11, 2, 5, 13, 779),
(11, 3, 42, 37, 409),
(11, 4, 45, 31, 860),
(11, 5, 2, 47, 88),
(11, 6, 23, 19, 417),
(12, 1, 24, 30, 57),
(12, 2, 1, 26, 23),
(12, 3, 48, 47, 208),
(12, 4, 33, 37, 525),
(12, 5, 26, 39, 401),
(12, 6, 10, 8, 31),
(13, 1, 41, 50, 775),
(13, 2, 24, 16, 433),
(13, 3, 9, 38, 435),
(13, 4, 8, 33, 975),
(13, 5, 43, 13, 920),
(13, 6, 31, 18, 393),
(14, 1, 4, 26, 658),
(14, 2, 11, 33, 55),
(14, 3, 27, 11, 592),
(14, 4, 14, 35, 837),
(14, 5, 11, 32, 523),
(14, 6, 35, 13, 397),
(15, 1, 17, 38, 333),
(15, 2, 6, 26, 930),
(15, 3, 44, 28, 977),
(15, 4, 11, 25, 205),
(15, 5, 3, 46, 541),
(15, 6, 8, 13, 357),
(16, 1, 46, 2, 319),
(16, 2, 17, 13, 815),
(16, 3, 16, 32, 40),
(16, 4, 9, 27, 531),
(16, 5, 8, 41, 190),
(16, 6, 11, 4, 361),
(17, 1, 20, 1, 707),
(17, 2, 21, 39, 260),
(17, 3, 41, 2, 548),
(17, 4, 8, 44, 880),
(17, 5, 34, 44, 351),
(17, 6, 46, 24, 644),
(18, 1, 15, 2, 707),
(18, 2, 49, 23, 622),
(18, 3, 9, 23, 147),
(18, 4, 5, 50, 122),
(18, 5, 28, 13, 822),
(18, 6, 42, 41, 111),
(19, 1, 9, 1, 537),
(19, 2, 35, 21, 849),
(19, 3, 24, 20, 89),
(19, 4, 4, 47, 965),
(19, 5, 27, 37, 905),
(19, 6, 49, 34, 190),
(20, 1, 31, 20, 899),
(20, 2, 41, 12, 836),
(20, 3, 27, 35, 240),
(20, 4, 36, 12, 935),
(20, 5, 33, 48, 422),
(20, 6, 14, 6, 771),
(21, 1, 21, 20, 310),
(21, 2, 21, 24, 97),
(21, 3, 1, 38, 731),
(21, 4, 46, 26, 121),
(21, 5, 7, 44, 846),
(21, 6, 23, 7, 192),
(22, 1, 41, 9, 200),
(22, 2, 2, 6, 785),
(22, 3, 43, 47, 495),
(22, 4, 45, 28, 88),
(22, 5, 10, 18, 317),
(22, 6, 34, 43, 963),
(23, 1, 18, 46, 995),
(23, 2, 8, 39, 372),
(23, 3, 10, 44, 638),
(23, 4, 47, 5, 482),
(23, 5, 39, 44, 465),
(23, 6, 15, 7, 437),
(24, 1, 42, 26, 554),
(24, 2, 44, 43, 27),
(24, 3, 18, 16, 454),
(24, 4, 2, 32, 929),
(24, 5, 50, 16, 115),
(24, 6, 32, 3, 700),
(25, 1, 1, 30, 411),
(25, 2, 45, 14, 881),
(25, 3, 12, 43, 677),
(25, 4, 37, 3, 855),
(25, 5, 43, 39, 957),
(25, 6, 48, 46, 393),
(26, 1, 20, 16, 533),
(26, 2, 36, 17, 244),
(26, 3, 3, 42, 850),
(26, 4, 29, 10, 733),
(26, 5, 19, 21, 58),
(26, 6, 23, 36, 696),
(27, 1, 7, 50, 39),
(27, 2, 7, 29, 791),
(27, 3, 24, 34, 903),
(27, 4, 20, 12, 860),
(27, 5, 12, 44, 980),
(27, 6, 2, 35, 665),
(28, 1, 17, 45, 594),
(28, 2, 26, 35, 371),
(28, 3, 41, 49, 311),
(28, 4, 6, 34, 902),
(28, 5, 22, 35, 646),
(28, 6, 49, 29, 709),
(29, 1, 32, 14, 878),
(29, 2, 18, 18, 972),
(29, 3, 32, 19, 807),
(29, 4, 43, 45, 79),
(29, 5, 21, 18, 943),
(29, 6, 24, 33, 450),
(30, 1, 33, 43, 994),
(30, 2, 13, 2, 863),
(30, 3, 22, 6, 111),
(30, 4, 7, 10, 318),
(30, 5, 2, 3, 377),
(30, 6, 47, 40, 894),
(31, 1, 30, 49, 465),
(31, 2, 33, 29, 499),
(31, 3, 25, 31, 267),
(31, 4, 21, 32, 279),
(31, 5, 13, 9, 533),
(31, 6, 8, 31, 349),
(32, 1, 36, 14, 640),
(32, 2, 7, 49, 340),
(32, 3, 13, 47, 816),
(32, 4, 48, 42, 298),
(32, 5, 35, 8, 53),
(32, 6, 13, 25, 631),
(33, 1, 17, 4, 491),
(33, 2, 2, 43, 513),
(33, 3, 39, 10, 94),
(33, 4, 39, 31, 965),
(33, 5, 11, 6, 981),
(33, 6, 28, 7, 307),
(34, 1, 40, 34, 685),
(34, 2, 8, 26, 702),
(34, 3, 44, 43, 556),
(34, 4, 34, 12, 765),
(34, 5, 49, 15, 512),
(34, 6, 31, 50, 916),
(35, 1, 1, 49, 307),
(35, 2, 7, 27, 421),
(35, 3, 26, 4, 155),
(35, 4, 40, 20, 186),
(35, 5, 24, 2, 501),
(35, 6, 40, 15, 55),
(36, 1, 25, 39, 740),
(36, 2, 50, 48, 604),
(36, 3, 14, 31, 942),
(36, 4, 13, 43, 477),
(36, 5, 36, 3, 154),
(36, 6, 46, 11, 614),
(37, 1, 17, 41, 285),
(37, 2, 36, 19, 776),
(37, 3, 15, 44, 689),
(37, 4, 40, 48, 578),
(37, 5, 21, 4, 597),
(37, 6, 50, 20, 867),
(38, 1, 18, 5, 353),
(38, 2, 20, 14, 462),
(38, 3, 45, 2, 155),
(38, 4, 27, 22, 5),
(38, 5, 2, 47, 877),
(38, 6, 5, 11, 775),
(39, 1, 43, 13, 362),
(39, 2, 2, 33, 990),
(39, 3, 4, 38, 752),
(39, 4, 13, 32, 483),
(39, 5, 45, 39, 791),
(39, 6, 9, 31, 124),
(40, 1, 47, 4, 913),
(40, 2, 23, 42, 431),
(40, 3, 11, 5, 75),
(40, 4, 30, 18, 623),
(40, 5, 11, 37, 518),
(40, 6, 39, 30, 908),
(41, 1, 24, 38, 763),
(41, 2, 36, 18, 934),
(41, 3, 4, 20, 95),
(41, 4, 3, 40, 402),
(41, 5, 19, 2, 72),
(41, 6, 15, 9, 654),
(42, 1, 31, 40, 940),
(42, 2, 9, 18, 601),
(42, 3, 38, 46, 940),
(42, 4, 4, 50, 641),
(42, 5, 41, 25, 709),
(42, 6, 36, 4, 556),
(43, 1, 22, 26, 635),
(43, 2, 26, 21, 674),
(43, 3, 22, 7, 938),
(43, 4, 28, 49, 387),
(43, 5, 20, 38, 88),
(43, 6, 14, 3, 951),
(44, 1, 27, 44, 758),
(44, 2, 37, 7, 256),
(44, 3, 7, 8, 301),
(44, 4, 47, 35, 149),
(44, 5, 27, 18, 690),
(44, 6, 43, 35, 683),
(45, 1, 36, 3, 517),
(45, 2, 28, 49, 954),
(45, 3, 12, 44, 454),
(45, 4, 17, 27, 971),
(45, 5, 10, 32, 152),
(45, 6, 29, 5, 308),
(46, 1, 22, 10, 145),
(46, 2, 43, 25, 490),
(46, 3, 31, 20, 124),
(46, 4, 19, 20, 659),
(46, 5, 22, 27, 726),
(46, 6, 49, 43, 55),
(47, 1, 26, 10, 969),
(47, 2, 19, 38, 889),
(47, 3, 5, 47, 382),
(47, 4, 40, 50, 824),
(47, 5, 9, 29, 935),
(47, 6, 6, 49, 413),
(48, 1, 43, 3, 377),
(48, 2, 32, 11, 533),
(48, 3, 16, 31, 538),
(48, 4, 22, 4, 933),
(48, 5, 38, 22, 171),
(48, 6, 25, 16, 333),
(49, 1, 30, 28, 621),
(49, 2, 35, 17, 51),
(49, 3, 50, 36, 365),
(49, 4, 11, 43, 461),
(49, 5, 30, 26, 120),
(49, 6, 23, 18, 366),
(50, 1, 36, 24, 419),
(50, 2, 32, 31, 86),
(50, 3, 47, 13, 659),
(50, 4, 26, 45, 657),
(50, 5, 37, 21, 461),
(50, 6, 18, 48, 791),
(51, 1, 43, 45, 764),
(51, 2, 38, 26, 713),
(51, 3, 36, 12, 683),
(51, 4, 2, 25, 529),
(51, 5, 45, 25, 648),
(51, 6, 1, 46, 580),
(52, 1, 9, 14, 635),
(52, 2, 20, 47, 863),
(52, 3, 1, 29, 822),
(52, 4, 3, 7, 659),
(52, 5, 29, 12, 443),
(52, 6, 7, 43, 751),
(53, 1, 10, 11, 803),
(53, 2, 41, 24, 936),
(53, 3, 39, 18, 758),
(53, 4, 9, 20, 234),
(53, 5, 9, 20, 951),
(53, 6, 38, 8, 85),
(54, 1, 23, 28, 916),
(54, 2, 26, 47, 805),
(54, 3, 49, 34, 323),
(54, 4, 45, 46, 327),
(54, 5, 32, 48, 388),
(54, 6, 49, 26, 531),
(55, 1, 47, 43, 141),
(55, 2, 33, 19, 236),
(55, 3, 18, 41, 745),
(55, 4, 11, 3, 452),
(55, 5, 50, 37, 760),
(55, 6, 48, 26, 792),
(56, 1, 4, 21, 45),
(56, 2, 48, 42, 320),
(56, 3, 47, 42, 931),
(56, 4, 30, 29, 424),
(56, 5, 13, 21, 583),
(56, 6, 22, 3, 597),
(57, 1, 33, 40, 566),
(57, 2, 38, 39, 70),
(57, 3, 19, 36, 196),
(57, 4, 46, 2, 873),
(57, 5, 26, 10, 947),
(57, 6, 49, 11, 560),
(58, 1, 17, 6, 868),
(58, 2, 9, 10, 804),
(58, 3, 20, 48, 353),
(58, 4, 29, 10, 297),
(58, 5, 3, 46, 57),
(58, 6, 8, 42, 141),
(59, 1, 20, 46, 339),
(59, 2, 19, 37, 816),
(59, 3, 29, 14, 963),
(59, 4, 46, 22, 42),
(59, 5, 39, 28, 134),
(59, 6, 46, 38, 52),
(60, 1, 4, 50, 660),
(60, 2, 42, 1, 57),
(60, 3, 7, 24, 174),
(60, 4, 13, 25, 244),
(60, 5, 38, 42, 20),
(60, 6, 46, 27, 668),
(61, 1, 24, 12, 880),
(61, 2, 45, 2, 441),
(61, 3, 20, 29, 240),
(61, 4, 44, 12, 609),
(61, 5, 26, 18, 38),
(61, 6, 39, 19, 202),
(62, 1, 45, 39, 853),
(62, 2, 35, 31, 147),
(62, 3, 14, 15, 814),
(62, 4, 31, 21, 2),
(62, 5, 18, 35, 935),
(62, 6, 37, 10, 554),
(63, 1, 10, 28, 126),
(63, 2, 43, 29, 355),
(63, 3, 4, 23, 354),
(63, 4, 38, 25, 74),
(63, 5, 43, 44, 876),
(63, 6, 40, 44, 270),
(64, 1, 2, 27, 912),
(64, 2, 47, 19, 999),
(64, 3, 10, 25, 357),
(64, 4, 20, 38, 761),
(64, 5, 44, 30, 621),
(64, 6, 32, 33, 879),
(65, 1, 40, 38, 374),
(65, 2, 21, 37, 803),
(65, 3, 41, 21, 47),
(65, 4, 20, 26, 458),
(65, 5, 24, 46, 103),
(65, 6, 43, 4, 860),
(66, 1, 4, 33, 341),
(66, 2, 22, 9, 786),
(66, 3, 40, 33, 106),
(66, 4, 17, 4, 914),
(66, 5, 11, 49, 994),
(66, 6, 32, 25, 446),
(67, 1, 6, 16, 223),
(67, 2, 20, 22, 372),
(67, 3, 8, 26, 568),
(67, 4, 27, 16, 781),
(67, 5, 12, 30, 275),
(67, 6, 18, 44, 821),
(68, 1, 12, 10, 983),
(68, 2, 39, 37, 618),
(68, 3, 36, 40, 782),
(68, 4, 41, 34, 106),
(68, 5, 4, 11, 358),
(68, 6, 10, 36, 146),
(69, 1, 18, 38, 966),
(69, 2, 28, 5, 846),
(69, 3, 43, 35, 769),
(69, 4, 39, 12, 763),
(69, 5, 24, 20, 603),
(69, 6, 30, 6, 401),
(70, 1, 42, 35, 403),
(70, 2, 34, 23, 479),
(70, 3, 50, 26, 351),
(70, 4, 20, 7, 937),
(70, 5, 33, 1, 276),
(70, 6, 41, 2, 727),
(71, 1, 22, 17, 239),
(71, 2, 22, 13, 255),
(71, 3, 1, 40, 841),
(71, 4, 48, 21, 464),
(71, 5, 8, 23, 176),
(71, 6, 31, 7, 307),
(72, 1, 45, 10, 417),
(72, 2, 9, 27, 62),
(72, 3, 22, 41, 809),
(72, 4, 2, 43, 831),
(72, 5, 13, 22, 582),
(72, 6, 38, 50, 626),
(73, 1, 41, 33, 398),
(73, 2, 39, 22, 748),
(73, 3, 22, 50, 681),
(73, 4, 20, 34, 826),
(73, 5, 31, 2, 426),
(73, 6, 13, 13, 890),
(74, 1, 22, 1, 93),
(74, 2, 33, 43, 200),
(74, 3, 4, 44, 766),
(74, 4, 49, 45, 976),
(74, 5, 11, 37, 173),
(74, 6, 7, 30, 425),
(75, 1, 19, 31, 375),
(75, 2, 24, 24, 561),
(75, 3, 43, 45, 496),
(75, 4, 50, 21, 210),
(75, 5, 32, 35, 239),
(75, 6, 23, 47, 955),
(76, 1, 2, 4, 217),
(76, 2, 31, 11, 103),
(76, 3, 41, 38, 939),
(76, 4, 38, 41, 581),
(76, 5, 18, 18, 998),
(76, 6, 45, 16, 924),
(77, 1, 5, 9, 873),
(77, 2, 5, 30, 401),
(77, 3, 42, 29, 639),
(77, 4, 25, 36, 864),
(77, 5, 1, 1, 659),
(77, 6, 2, 6, 711),
(78, 1, 25, 11, 70),
(78, 2, 1, 16, 241),
(78, 3, 5, 38, 672),
(78, 4, 9, 45, 816),
(78, 5, 7, 16, 892),
(78, 6, 3, 44, 226),
(79, 1, 7, 34, 975),
(79, 2, 14, 19, 859),
(79, 3, 14, 26, 377),
(79, 4, 18, 17, 268),
(79, 5, 40, 32, 239),
(79, 6, 18, 23, 674),
(80, 1, 13, 34, 221),
(80, 2, 19, 28, 790),
(80, 3, 3, 11, 605),
(80, 4, 32, 9, 270),
(80, 5, 48, 10, 328),
(80, 6, 26, 28, 158),
(81, 1, 33, 41, 300),
(81, 2, 20, 4, 373),
(81, 3, 3, 13, 34),
(81, 4, 4, 23, 961),
(81, 5, 32, 21, 863),
(81, 6, 7, 22, 289),
(82, 1, 28, 33, 537),
(82, 2, 28, 9, 386),
(82, 3, 6, 18, 587),
(82, 4, 47, 8, 1),
(82, 5, 4, 14, 524),
(82, 6, 39, 30, 9),
(83, 1, 1, 20, 707),
(83, 2, 48, 28, 372),
(83, 3, 44, 39, 755),
(83, 4, 9, 23, 916),
(83, 5, 28, 1, 444),
(83, 6, 31, 12, 220),
(84, 1, 25, 42, 987),
(84, 2, 39, 10, 302),
(84, 3, 6, 32, 575),
(84, 4, 4, 10, 575),
(84, 5, 3, 39, 124),
(84, 6, 19, 13, 392),
(85, 1, 36, 26, 142),
(85, 2, 45, 4, 905),
(85, 3, 34, 50, 507),
(85, 4, 48, 39, 744),
(85, 5, 6, 6, 634),
(85, 6, 45, 9, 498),
(86, 1, 30, 9, 197),
(86, 2, 4, 33, 977),
(86, 3, 11, 5, 908),
(86, 4, 21, 48, 748),
(86, 5, 24, 44, 554),
(86, 6, 31, 13, 716),
(87, 1, 4, 30, 890),
(87, 2, 32, 7, 158),
(87, 3, 9, 32, 225),
(87, 4, 34, 39, 141),
(87, 5, 14, 11, 903),
(87, 6, 4, 44, 405),
(88, 1, 40, 49, 935),
(88, 2, 35, 26, 7),
(88, 3, 50, 32, 877),
(88, 4, 23, 7, 127),
(88, 5, 45, 9, 692),
(88, 6, 44, 20, 403),
(89, 1, 14, 41, 607),
(89, 2, 37, 4, 439),
(89, 3, 27, 33, 666),
(89, 4, 15, 9, 629),
(89, 5, 23, 2, 117),
(89, 6, 16, 16, 800),
(90, 1, 20, 49, 227),
(90, 2, 16, 37, 804),
(90, 3, 49, 40, 520),
(90, 4, 12, 19, 836),
(90, 5, 12, 42, 9),
(90, 6, 13, 8, 121),
(91, 1, 5, 17, 63),
(91, 2, 31, 3, 490),
(91, 3, 36, 12, 490),
(91, 4, 43, 5, 540),
(91, 5, 24, 49, 256),
(91, 6, 3, 3, 124),
(92, 1, 21, 20, 848),
(92, 2, 36, 3, 907),
(92, 3, 1, 16, 65),
(92, 4, 34, 6, 170),
(92, 5, 27, 34, 344),
(92, 6, 4, 18, 187),
(93, 1, 1, 3, 874),
(93, 2, 16, 39, 635),
(93, 3, 16, 39, 168),
(93, 4, 29, 10, 333),
(93, 5, 12, 32, 82),
(93, 6, 20, 8, 301),
(94, 1, 35, 47, 817),
(94, 2, 49, 45, 723),
(94, 3, 28, 6, 380),
(94, 4, 36, 40, 336),
(94, 5, 9, 48, 65),
(94, 6, 18, 41, 25),
(95, 1, 40, 29, 462),
(95, 2, 50, 32, 426),
(95, 3, 41, 7, 984),
(95, 4, 6, 25, 163),
(95, 5, 19, 1, 505),
(95, 6, 50, 10, 735),
(96, 1, 42, 32, 47),
(96, 2, 16, 13, 722),
(96, 3, 35, 4, 286),
(96, 4, 31, 4, 43),
(96, 5, 38, 11, 3),
(96, 6, 38, 39, 516),
(97, 1, 46, 20, 85),
(97, 2, 47, 41, 228),
(97, 3, 49, 13, 79),
(97, 4, 24, 31, 269),
(97, 5, 32, 50, 227),
(97, 6, 20, 37, 317),
(98, 1, 46, 9, 616),
(98, 2, 10, 32, 691),
(98, 3, 14, 20, 364),
(98, 4, 40, 23, 714),
(98, 5, 17, 23, 913),
(98, 6, 14, 44, 730),
(99, 1, 39, 15, 831),
(99, 2, 26, 24, 501),
(99, 3, 23, 45, 911),
(99, 4, 12, 26, 443),
(99, 5, 41, 10, 422),
(99, 6, 21, 34, 29),
(100, 1, 1, 1, 173),
(100, 2, 19, 25, 295),
(100, 3, 5, 49, 918),
(100, 4, 34, 9, 665),
(100, 5, 28, 19, 67),
(100, 6, 19, 36, 933),
(101, 1, 29, 49, 376),
(101, 2, 32, 3, 146),
(101, 3, 28, 13, 42),
(101, 4, 19, 12, 73),
(101, 5, 16, 12, 619),
(101, 6, 24, 9, 246),
(102, 1, 28, 2, 275),
(102, 2, 15, 25, 157),
(102, 3, 19, 12, 572),
(102, 4, 42, 46, 539),
(102, 5, 12, 8, 426),
(102, 6, 18, 15, 468),
(103, 1, 24, 38, 514),
(103, 2, 48, 14, 861),
(103, 3, 42, 48, 837),
(103, 4, 41, 4, 928),
(103, 5, 30, 32, 915),
(103, 6, 25, 1, 320),
(104, 1, 32, 11, 243),
(104, 2, 40, 41, 761),
(104, 3, 33, 41, 966),
(104, 4, 21, 33, 807),
(104, 5, 45, 27, 263),
(104, 6, 11, 29, 724),
(105, 1, 4, 32, 9),
(105, 2, 47, 27, 175),
(105, 3, 30, 19, 147),
(105, 4, 39, 48, 141),
(105, 5, 38, 23, 578),
(105, 6, 36, 1, 989),
(106, 1, 19, 8, 897),
(106, 2, 25, 49, 123),
(106, 3, 27, 2, 289),
(106, 4, 39, 19, 102),
(106, 5, 5, 14, 654),
(106, 6, 19, 9, 575),
(107, 1, 9, 42, 419),
(107, 2, 12, 44, 790),
(107, 3, 24, 29, 869),
(107, 4, 26, 4, 982),
(107, 5, 15, 47, 941),
(107, 6, 11, 1, 673),
(108, 1, 49, 46, 807),
(108, 2, 31, 4, 805),
(108, 3, 26, 7, 1),
(108, 4, 11, 30, 801),
(108, 5, 24, 35, 582),
(108, 6, 8, 42, 856),
(109, 1, 1, 24, 21),
(109, 2, 23, 16, 580),
(109, 3, 18, 41, 10),
(109, 4, 28, 44, 246),
(109, 5, 22, 14, 898),
(109, 6, 38, 20, 928),
(110, 1, 18, 20, 566),
(110, 2, 40, 5, 886),
(110, 3, 23, 18, 119),
(110, 4, 7, 50, 722),
(110, 5, 13, 17, 667),
(110, 6, 11, 14, 851),
(111, 1, 17, 35, 460),
(111, 2, 7, 45, 631),
(111, 3, 2, 35, 128),
(111, 4, 23, 36, 39),
(111, 5, 18, 10, 75),
(111, 6, 40, 1, 248),
(112, 1, 15, 31, 317),
(112, 2, 35, 49, 241),
(112, 3, 14, 27, 35),
(112, 4, 45, 18, 606),
(112, 5, 33, 46, 160),
(112, 6, 12, 31, 78),
(113, 1, 41, 7, 794),
(113, 2, 14, 19, 760),
(113, 3, 34, 35, 226),
(113, 4, 21, 30, 439),
(113, 5, 26, 17, 146),
(113, 6, 37, 21, 857),
(114, 1, 39, 7, 669),
(114, 2, 16, 50, 29),
(114, 3, 30, 4, 858),
(114, 4, 2, 25, 243),
(114, 5, 17, 24, 63),
(114, 6, 27, 7, 202),
(115, 1, 37, 33, 59),
(115, 2, 2, 39, 190),
(115, 3, 20, 30, 61),
(115, 4, 19, 23, 678),
(115, 5, 30, 1, 80),
(115, 6, 32, 1, 514),
(116, 1, 3, 1, 127),
(116, 2, 46, 28, 222),
(116, 3, 50, 40, 747),
(116, 4, 42, 20, 857),
(116, 5, 32, 21, 38),
(116, 6, 28, 15, 1),
(117, 1, 16, 33, 992),
(117, 2, 7, 22, 33),
(117, 3, 26, 6, 264),
(117, 4, 19, 19, 274),
(117, 5, 3, 39, 973),
(117, 6, 16, 41, 670),
(118, 1, 5, 14, 29),
(118, 2, 28, 25, 294),
(118, 3, 17, 42, 311),
(118, 4, 29, 35, 704),
(118, 5, 39, 49, 308),
(118, 6, 11, 22, 349),
(119, 1, 7, 42, 84),
(119, 2, 43, 35, 333),
(119, 3, 26, 32, 193),
(119, 4, 26, 2, 419),
(119, 5, 17, 5, 638),
(119, 6, 42, 22, 929),
(120, 1, 35, 12, 454),
(120, 2, 27, 33, 475),
(120, 3, 37, 23, 83),
(120, 4, 8, 50, 270),
(120, 5, 15, 6, 928),
(120, 6, 14, 33, 380),
(121, 1, 13, 28, 971),
(121, 2, 45, 42, 430),
(121, 3, 20, 48, 861),
(121, 4, 6, 16, 836),
(121, 5, 21, 40, 764),
(121, 6, 15, 38, 897),
(122, 1, 3, 49, 835),
(122, 2, 11, 37, 23),
(122, 3, 34, 33, 129),
(122, 4, 15, 3, 606),
(122, 5, 42, 42, 896),
(122, 6, 6, 49, 620),
(123, 1, 26, 13, 117),
(123, 2, 22, 10, 901),
(123, 3, 25, 44, 595),
(123, 4, 24, 33, 327),
(123, 5, 40, 28, 965),
(123, 6, 20, 39, 360),
(124, 1, 50, 38, 726),
(124, 2, 19, 22, 768),
(124, 3, 43, 48, 4),
(124, 4, 38, 48, 208),
(124, 5, 2, 14, 223),
(124, 6, 38, 24, 638),
(125, 1, 42, 31, 176),
(125, 2, 17, 16, 474),
(125, 3, 12, 16, 384),
(125, 4, 2, 10, 524),
(125, 5, 45, 1, 145),
(125, 6, 23, 22, 485),
(126, 1, 35, 20, 205),
(126, 2, 2, 37, 11),
(126, 3, 19, 29, 810),
(126, 4, 11, 31, 347),
(126, 5, 20, 3, 131),
(126, 6, 16, 16, 703),
(127, 1, 24, 28, 254),
(127, 2, 3, 27, 311),
(127, 3, 12, 19, 412),
(127, 4, 19, 13, 721),
(127, 5, 49, 45, 2),
(127, 6, 26, 34, 679),
(128, 1, 32, 9, 99),
(128, 2, 2, 32, 513),
(128, 3, 2, 9, 374),
(128, 4, 41, 15, 769),
(128, 5, 46, 38, 680),
(128, 6, 21, 9, 842),
(129, 1, 33, 41, 107),
(129, 2, 29, 39, 700),
(129, 3, 3, 36, 642),
(129, 4, 10, 5, 619),
(129, 5, 33, 18, 523),
(129, 6, 50, 27, 476),
(130, 1, 38, 40, 223),
(130, 2, 24, 5, 907),
(130, 3, 3, 16, 338),
(130, 4, 34, 46, 831),
(130, 5, 28, 42, 653),
(130, 6, 34, 22, 85),
(131, 1, 19, 30, 745),
(131, 2, 30, 18, 45),
(131, 3, 17, 39, 739),
(131, 4, 3, 43, 863),
(131, 5, 37, 25, 435),
(131, 6, 1, 16, 380),
(132, 1, 25, 23, 135),
(132, 2, 16, 46, 276),
(132, 3, 38, 4, 703),
(132, 4, 15, 8, 721),
(132, 5, 13, 18, 421),
(132, 6, 24, 42, 377),
(133, 1, 28, 40, 224),
(133, 2, 18, 26, 86),
(133, 3, 32, 2, 717),
(133, 4, 29, 30, 344),
(133, 5, 18, 38, 931),
(133, 6, 43, 46, 825),
(134, 1, 24, 39, 84),
(134, 2, 30, 15, 821),
(134, 3, 7, 2, 848),
(134, 4, 41, 43, 196),
(134, 5, 44, 8, 617),
(134, 6, 39, 46, 580),
(135, 1, 20, 27, 853),
(135, 2, 2, 10, 365),
(135, 3, 22, 46, 699),
(135, 4, 16, 16, 123),
(135, 5, 44, 9, 446),
(135, 6, 24, 9, 276),
(136, 1, 36, 8, 548),
(136, 2, 11, 14, 391),
(136, 3, 12, 27, 374),
(136, 4, 33, 4, 762),
(136, 5, 36, 3, 944),
(136, 6, 17, 14, 913),
(137, 1, 24, 24, 913),
(137, 2, 19, 39, 228),
(137, 3, 30, 5, 259),
(137, 4, 15, 20, 12),
(137, 5, 46, 36, 830),
(137, 6, 36, 2, 923),
(138, 1, 18, 45, 192),
(138, 2, 47, 29, 906),
(138, 3, 10, 42, 195),
(138, 4, 46, 43, 125),
(138, 5, 48, 1, 48),
(138, 6, 10, 28, 110),
(139, 1, 44, 27, 651),
(139, 2, 46, 31, 365),
(139, 3, 46, 32, 517),
(139, 4, 5, 45, 327),
(139, 5, 6, 50, 923),
(139, 6, 30, 47, 701),
(140, 1, 15, 20, 277),
(140, 2, 38, 13, 70),
(140, 3, 16, 18, 197),
(140, 4, 18, 39, 839),
(140, 5, 34, 22, 420),
(140, 6, 47, 5, 552),
(141, 1, 10, 6, 577),
(141, 2, 33, 50, 498),
(141, 3, 10, 3, 552),
(141, 4, 4, 47, 367),
(141, 5, 47, 43, 9),
(141, 6, 50, 45, 506),
(142, 1, 25, 31, 454),
(142, 2, 50, 26, 153),
(142, 3, 24, 12, 322),
(142, 4, 36, 33, 843),
(142, 5, 48, 46, 886),
(142, 6, 22, 15, 284),
(143, 1, 33, 22, 972),
(143, 2, 25, 45, 840),
(143, 3, 3, 15, 493),
(143, 4, 37, 5, 898),
(143, 5, 7, 1, 839),
(143, 6, 9, 22, 324),
(144, 1, 47, 10, 989),
(144, 2, 26, 27, 728),
(144, 3, 50, 23, 711),
(144, 4, 13, 43, 592),
(144, 5, 46, 24, 69),
(144, 6, 7, 27, 81),
(145, 1, 28, 23, 507),
(145, 2, 21, 23, 462),
(145, 3, 22, 45, 915),
(145, 4, 33, 29, 946),
(145, 5, 40, 28, 736),
(145, 6, 29, 23, 109),
(146, 1, 10, 28, 235),
(146, 2, 42, 33, 868),
(146, 3, 19, 21, 381),
(146, 4, 13, 36, 233),
(146, 5, 26, 11, 534),
(146, 6, 12, 26, 979),
(147, 1, 1, 34, 78),
(147, 2, 15, 27, 107),
(147, 3, 11, 30, 723),
(147, 4, 30, 3, 946),
(147, 5, 41, 9, 874),
(147, 6, 34, 12, 456),
(148, 1, 46, 14, 182),
(148, 2, 44, 11, 471),
(148, 3, 46, 38, 159),
(148, 4, 27, 50, 892),
(148, 5, 40, 46, 530),
(148, 6, 23, 21, 385),
(149, 1, 50, 49, 280),
(149, 2, 35, 8, 761),
(149, 3, 6, 40, 31),
(149, 4, 15, 26, 871),
(149, 5, 41, 22, 278),
(149, 6, 42, 46, 784),
(150, 1, 21, 26, 808),
(150, 2, 14, 14, 609),
(150, 3, 23, 25, 721),
(150, 4, 29, 15, 116),
(150, 5, 27, 43, 378),
(150, 6, 31, 41, 18),
(151, 1, 32, 50, 252),
(151, 2, 26, 20, 821),
(151, 3, 23, 24, 873),
(151, 4, 42, 1, 114),
(151, 5, 20, 32, 126),
(151, 6, 14, 5, 577),
(152, 1, 46, 45, 663),
(152, 2, 15, 2, 321),
(152, 3, 10, 22, 86),
(152, 4, 48, 36, 322),
(152, 5, 43, 43, 841),
(152, 6, 22, 45, 957),
(153, 1, 34, 28, 253),
(153, 2, 28, 5, 438),
(153, 3, 6, 23, 771),
(153, 4, 28, 46, 891),
(153, 5, 3, 15, 924),
(153, 6, 46, 31, 782),
(154, 1, 41, 36, 389),
(154, 2, 41, 9, 674),
(154, 3, 8, 22, 641),
(154, 4, 46, 21, 697),
(154, 5, 19, 16, 361),
(154, 6, 42, 27, 53),
(155, 1, 29, 6, 91),
(155, 2, 9, 46, 260),
(155, 3, 8, 10, 497),
(155, 4, 47, 13, 630),
(155, 5, 24, 40, 910),
(155, 6, 1, 34, 7),
(156, 1, 48, 3, 697),
(156, 2, 4, 1, 451),
(156, 3, 1, 48, 261),
(156, 4, 46, 1, 798),
(156, 5, 15, 28, 628),
(156, 6, 29, 30, 890),
(157, 1, 50, 36, 791),
(157, 2, 27, 40, 376),
(157, 3, 19, 40, 514),
(157, 4, 50, 39, 336),
(157, 5, 15, 25, 633),
(157, 6, 18, 7, 539),
(158, 1, 2, 19, 72),
(158, 2, 2, 1, 440),
(158, 3, 5, 49, 266),
(158, 4, 19, 4, 527),
(158, 5, 23, 48, 460),
(158, 6, 2, 41, 590),
(159, 1, 2, 45, 57),
(159, 2, 48, 1, 598),
(159, 3, 2, 14, 325),
(159, 4, 41, 6, 191),
(159, 5, 33, 48, 468),
(159, 6, 16, 44, 873),
(160, 1, 42, 38, 71),
(160, 2, 7, 39, 560),
(160, 3, 40, 46, 326),
(160, 4, 26, 44, 688),
(160, 5, 9, 15, 610),
(160, 6, 13, 45, 412),
(161, 1, 8, 46, 724),
(161, 2, 27, 36, 619),
(161, 3, 43, 37, 923),
(161, 4, 1, 19, 359),
(161, 5, 32, 7, 568),
(161, 6, 17, 21, 174),
(162, 1, 6, 33, 656),
(162, 2, 29, 2, 64),
(162, 3, 28, 50, 763),
(162, 4, 4, 25, 265),
(162, 5, 49, 7, 970),
(162, 6, 4, 10, 528),
(163, 1, 32, 29, 713),
(163, 2, 13, 3, 215),
(163, 3, 12, 24, 537),
(163, 4, 12, 34, 470),
(163, 5, 8, 1, 108),
(163, 6, 9, 21, 796),
(164, 1, 25, 17, 654),
(164, 2, 43, 19, 208),
(164, 3, 31, 19, 776),
(164, 4, 19, 28, 845),
(164, 5, 45, 10, 732),
(164, 6, 47, 27, 141),
(165, 1, 46, 46, 337),
(165, 2, 32, 35, 76),
(165, 3, 26, 22, 278),
(165, 4, 26, 30, 520),
(165, 5, 21, 26, 821),
(165, 6, 25, 28, 769),
(166, 1, 35, 8, 244),
(166, 2, 33, 50, 675),
(166, 3, 18, 26, 234),
(166, 4, 37, 35, 8),
(166, 5, 35, 34, 33),
(166, 6, 31, 20, 914),
(167, 1, 8, 40, 772),
(167, 2, 18, 6, 750),
(167, 3, 40, 25, 512),
(167, 4, 22, 19, 505),
(167, 5, 22, 35, 78),
(167, 6, 7, 2, 488),
(168, 1, 24, 49, 775),
(168, 2, 44, 14, 507),
(168, 3, 23, 20, 59),
(168, 4, 27, 38, 764),
(168, 5, 14, 31, 903),
(168, 6, 13, 48, 866),
(169, 1, 14, 33, 500),
(169, 2, 29, 17, 505),
(169, 3, 8, 29, 596),
(169, 4, 45, 30, 612),
(169, 5, 3, 7, 895),
(169, 6, 22, 19, 781),
(170, 1, 3, 30, 319),
(170, 2, 3, 45, 236),
(170, 3, 47, 44, 239),
(170, 4, 24, 4, 524),
(170, 5, 12, 7, 940),
(170, 6, 49, 35, 542),
(171, 1, 1, 12, 5),
(171, 2, 47, 11, 118),
(171, 3, 46, 39, 567),
(171, 4, 45, 2, 760),
(171, 5, 28, 40, 949),
(171, 6, 15, 16, 775),
(172, 1, 48, 43, 235),
(172, 2, 35, 9, 977),
(172, 3, 27, 25, 715),
(172, 4, 37, 26, 203),
(172, 5, 35, 10, 235),
(172, 6, 27, 18, 328),
(173, 1, 49, 5, 315),
(173, 2, 21, 45, 607),
(173, 3, 7, 28, 715),
(173, 4, 8, 23, 289),
(173, 5, 39, 8, 188),
(173, 6, 2, 9, 410),
(174, 1, 38, 10, 212),
(174, 2, 33, 31, 915),
(174, 3, 44, 47, 293),
(174, 4, 47, 12, 907),
(174, 5, 35, 14, 69),
(174, 6, 15, 46, 637),
(175, 1, 11, 10, 540),
(175, 2, 11, 3, 583),
(175, 3, 21, 31, 861),
(175, 4, 2, 49, 950),
(175, 5, 2, 42, 763),
(175, 6, 28, 7, 692),
(176, 1, 30, 42, 118),
(176, 2, 39, 15, 91),
(176, 3, 5, 44, 707),
(176, 4, 36, 43, 13),
(176, 5, 3, 27, 238),
(176, 6, 46, 18, 988),
(177, 1, 27, 31, 378),
(177, 2, 14, 16, 126),
(177, 3, 28, 36, 446),
(177, 4, 48, 40, 979),
(177, 5, 32, 48, 851),
(177, 6, 3, 35, 51),
(178, 1, 48, 1, 199),
(178, 2, 18, 33, 160),
(178, 3, 25, 9, 716),
(178, 4, 42, 19, 997),
(178, 5, 34, 31, 483),
(178, 6, 45, 38, 45),
(179, 1, 42, 14, 325),
(179, 2, 29, 15, 560),
(179, 3, 25, 6, 148),
(179, 4, 45, 39, 948),
(179, 5, 31, 36, 644),
(179, 6, 18, 34, 198),
(180, 1, 26, 39, 856),
(180, 2, 39, 36, 816),
(180, 3, 8, 33, 118),
(180, 4, 20, 36, 779),
(180, 5, 50, 44, 445),
(180, 6, 34, 19, 91),
(181, 1, 48, 34, 492),
(181, 2, 47, 6, 114),
(181, 3, 20, 47, 847),
(181, 4, 11, 26, 418),
(181, 5, 14, 17, 388),
(181, 6, 41, 23, 855),
(182, 1, 39, 16, 718),
(182, 2, 9, 20, 771),
(182, 3, 28, 13, 287),
(182, 4, 46, 14, 501),
(182, 5, 1, 23, 335),
(182, 6, 31, 24, 568),
(183, 1, 17, 30, 845),
(183, 2, 29, 8, 964),
(183, 3, 8, 1, 697),
(183, 4, 8, 42, 568),
(183, 5, 43, 1, 201),
(183, 6, 14, 31, 489),
(184, 1, 18, 37, 66),
(184, 2, 29, 22, 162),
(184, 3, 9, 43, 849),
(184, 4, 25, 31, 236),
(184, 5, 13, 47, 697),
(184, 6, 24, 15, 154),
(185, 1, 9, 20, 590),
(185, 2, 49, 32, 143),
(185, 3, 14, 10, 70),
(185, 4, 34, 36, 701),
(185, 5, 37, 29, 715),
(185, 6, 49, 27, 996),
(186, 1, 39, 6, 271),
(186, 2, 19, 25, 66),
(186, 3, 43, 22, 453),
(186, 4, 1, 32, 550),
(186, 5, 12, 15, 537),
(186, 6, 44, 11, 354),
(187, 1, 41, 17, 98),
(187, 2, 43, 17, 196),
(187, 3, 48, 4, 43),
(187, 4, 40, 36, 250),
(187, 5, 44, 4, 825),
(187, 6, 37, 27, 360),
(188, 1, 9, 3, 949),
(188, 2, 21, 22, 386),
(188, 3, 20, 8, 807),
(188, 4, 27, 21, 660),
(188, 5, 49, 40, 141),
(188, 6, 14, 11, 797),
(189, 1, 46, 22, 703),
(189, 2, 15, 37, 38),
(189, 3, 32, 8, 111),
(189, 4, 37, 35, 549),
(189, 5, 37, 8, 599),
(189, 6, 37, 31, 408),
(190, 1, 19, 12, 929),
(190, 2, 4, 46, 113),
(190, 3, 46, 28, 367),
(190, 4, 45, 19, 60),
(190, 5, 37, 22, 57),
(190, 6, 18, 31, 415),
(191, 1, 26, 6, 176),
(191, 2, 33, 28, 890),
(191, 3, 48, 34, 21),
(191, 4, 45, 45, 165),
(191, 5, 12, 24, 772),
(191, 6, 31, 34, 520),
(192, 1, 35, 35, 970),
(192, 2, 27, 2, 329),
(192, 3, 19, 8, 70),
(192, 4, 19, 14, 908),
(192, 5, 12, 10, 419),
(192, 6, 4, 1, 167),
(193, 1, 27, 6, 444),
(193, 2, 2, 20, 705),
(193, 3, 28, 24, 932),
(193, 4, 2, 24, 531),
(193, 5, 10, 39, 84),
(193, 6, 25, 45, 861),
(194, 1, 49, 50, 834),
(194, 2, 25, 32, 395),
(194, 3, 28, 38, 222),
(194, 4, 39, 38, 940),
(194, 5, 22, 17, 276),
(194, 6, 38, 26, 175),
(195, 1, 36, 15, 748),
(195, 2, 43, 22, 489),
(195, 3, 43, 32, 988),
(195, 4, 10, 14, 674),
(195, 5, 23, 35, 171),
(195, 6, 13, 10, 435),
(196, 1, 27, 11, 790),
(196, 2, 41, 13, 189),
(196, 3, 19, 6, 461),
(196, 4, 19, 1, 935),
(196, 5, 34, 39, 721),
(196, 6, 22, 11, 398),
(197, 1, 14, 13, 979),
(197, 2, 46, 12, 134),
(197, 3, 3, 19, 827),
(197, 4, 28, 27, 411),
(197, 5, 6, 37, 534),
(197, 6, 21, 21, 403),
(198, 1, 40, 9, 398),
(198, 2, 24, 29, 604),
(198, 3, 26, 1, 834),
(198, 4, 50, 34, 577),
(198, 5, 35, 11, 151),
(198, 6, 45, 42, 443),
(199, 1, 27, 5, 615),
(199, 2, 27, 14, 147),
(199, 3, 47, 14, 507),
(199, 4, 13, 5, 960),
(199, 5, 14, 15, 814),
(199, 6, 48, 32, 314),
(200, 1, 28, 19, 391),
(200, 2, 26, 42, 291),
(200, 3, 2, 40, 955),
(200, 4, 16, 18, 44),
(200, 5, 37, 13, 485),
(200, 6, 29, 1, 306),
(201, 1, 37, 7, 24),
(201, 2, 45, 19, 202),
(201, 3, 26, 50, 999),
(201, 4, 30, 40, 201),
(201, 5, 29, 49, 550),
(201, 6, 49, 14, 80),
(202, 1, 10, 44, 471),
(202, 2, 38, 29, 809),
(202, 3, 4, 9, 484),
(202, 4, 39, 20, 981),
(202, 5, 12, 31, 384),
(202, 6, 25, 32, 305),
(203, 1, 17, 33, 101),
(203, 2, 31, 41, 550),
(203, 3, 32, 31, 969),
(203, 4, 16, 33, 69),
(203, 5, 36, 25, 129),
(203, 6, 18, 41, 423),
(204, 1, 44, 13, 106),
(204, 2, 36, 14, 794),
(204, 3, 19, 10, 592),
(204, 4, 10, 22, 199),
(204, 5, 25, 25, 917),
(204, 6, 35, 48, 18),
(205, 1, 20, 10, 424),
(205, 2, 29, 15, 790),
(205, 3, 32, 49, 749),
(205, 4, 46, 28, 347),
(205, 5, 35, 15, 353),
(205, 6, 41, 45, 162),
(206, 1, 48, 20, 539),
(206, 2, 30, 15, 348),
(206, 3, 41, 50, 305),
(206, 4, 40, 40, 302),
(206, 5, 30, 47, 168),
(206, 6, 40, 44, 948),
(207, 1, 10, 19, 627),
(207, 2, 44, 47, 970),
(207, 3, 45, 39, 501),
(207, 4, 18, 10, 883),
(207, 5, 26, 28, 119),
(207, 6, 47, 25, 694),
(208, 1, 33, 40, 831),
(208, 2, 17, 18, 871),
(208, 3, 18, 12, 559),
(208, 4, 41, 47, 254),
(208, 5, 32, 19, 486),
(208, 6, 40, 29, 560),
(209, 1, 30, 28, 152),
(209, 2, 22, 46, 147),
(209, 3, 39, 1, 645),
(209, 4, 26, 34, 864),
(209, 5, 34, 26, 475),
(209, 6, 42, 21, 805),
(210, 1, 9, 8, 207),
(210, 2, 50, 20, 41),
(210, 3, 49, 27, 762),
(210, 4, 30, 12, 815),
(210, 5, 27, 20, 704),
(210, 6, 48, 16, 300),
(211, 1, 4, 40, 205),
(211, 2, 29, 39, 207),
(211, 3, 20, 39, 529),
(211, 4, 48, 19, 449),
(211, 5, 28, 33, 75),
(211, 6, 30, 49, 982),
(212, 1, 22, 12, 626),
(212, 2, 28, 11, 952),
(212, 3, 26, 37, 667),
(212, 4, 45, 16, 526),
(212, 5, 27, 47, 320),
(212, 6, 50, 39, 95),
(213, 1, 29, 39, 576),
(213, 2, 49, 3, 258),
(213, 3, 42, 28, 339),
(213, 4, 9, 12, 826),
(213, 5, 49, 17, 692),
(213, 6, 49, 8, 239),
(214, 1, 12, 49, 16),
(214, 2, 36, 11, 83),
(214, 3, 1, 3, 122),
(214, 4, 40, 42, 815),
(214, 5, 1, 18, 273),
(214, 6, 49, 35, 708),
(215, 1, 5, 7, 154),
(215, 2, 7, 3, 483),
(215, 3, 10, 33, 720),
(215, 4, 4, 21, 115),
(215, 5, 22, 6, 721),
(215, 6, 8, 19, 334),
(216, 1, 50, 15, 492),
(216, 2, 21, 13, 938),
(216, 3, 18, 23, 495),
(216, 4, 18, 42, 662),
(216, 5, 42, 10, 268),
(216, 6, 31, 19, 686),
(217, 1, 1, 25, 166),
(217, 2, 19, 25, 729),
(217, 3, 37, 49, 292),
(217, 4, 7, 43, 484),
(217, 5, 14, 5, 286),
(217, 6, 25, 46, 830),
(218, 1, 34, 50, 144),
(218, 2, 43, 45, 818),
(218, 3, 36, 15, 696),
(218, 4, 40, 4, 315),
(218, 5, 41, 4, 803),
(218, 6, 18, 44, 923),
(219, 1, 14, 46, 413),
(219, 2, 33, 33, 344),
(219, 3, 4, 43, 849),
(219, 4, 10, 27, 172),
(219, 5, 25, 7, 102),
(219, 6, 24, 26, 711),
(220, 1, 11, 34, 962),
(220, 2, 38, 12, 220),
(220, 3, 38, 11, 378),
(220, 4, 17, 11, 584),
(220, 5, 45, 16, 752),
(220, 6, 16, 46, 691),
(221, 1, 12, 50, 507),
(221, 2, 1, 37, 922),
(221, 3, 7, 28, 73),
(221, 4, 13, 40, 634),
(221, 5, 14, 49, 596),
(221, 6, 33, 23, 489),
(222, 1, 46, 21, 7),
(222, 2, 4, 45, 152),
(222, 3, 19, 12, 434),
(222, 4, 32, 4, 837),
(222, 5, 11, 1, 516),
(222, 6, 24, 47, 807),
(223, 1, 19, 9, 275),
(223, 2, 43, 24, 138),
(223, 3, 33, 31, 761),
(223, 4, 14, 3, 864),
(223, 5, 3, 6, 138),
(223, 6, 40, 38, 785),
(224, 1, 30, 23, 618),
(224, 2, 37, 16, 858),
(224, 3, 30, 20, 211),
(224, 4, 10, 2, 467),
(224, 5, 43, 29, 652),
(224, 6, 32, 36, 779),
(225, 1, 17, 48, 581),
(225, 2, 12, 6, 271),
(225, 3, 32, 13, 52),
(225, 4, 12, 6, 922),
(225, 5, 24, 50, 673),
(225, 6, 9, 39, 287),
(226, 1, 29, 2, 780),
(226, 2, 18, 42, 643),
(226, 3, 17, 23, 743),
(226, 4, 21, 8, 999),
(226, 5, 18, 7, 58),
(226, 6, 43, 7, 574),
(227, 1, 5, 9, 810),
(227, 2, 30, 13, 458),
(227, 3, 35, 21, 657),
(227, 4, 31, 9, 623),
(227, 5, 8, 38, 630),
(227, 6, 25, 43, 744),
(228, 1, 34, 18, 615),
(228, 2, 39, 1, 531),
(228, 3, 25, 16, 862),
(228, 4, 29, 33, 146),
(228, 5, 47, 44, 185),
(228, 6, 16, 7, 866),
(229, 1, 49, 12, 45),
(229, 2, 29, 38, 391),
(229, 3, 1, 11, 624),
(229, 4, 29, 10, 763),
(229, 5, 37, 32, 242),
(229, 6, 39, 40, 447),
(230, 1, 26, 4, 961),
(230, 2, 48, 37, 341),
(230, 3, 11, 15, 362),
(230, 4, 16, 23, 895),
(230, 5, 4, 17, 92),
(230, 6, 12, 5, 612),
(231, 1, 47, 15, 427),
(231, 2, 40, 27, 341),
(231, 3, 13, 16, 992),
(231, 4, 13, 44, 961),
(231, 5, 22, 35, 324),
(231, 6, 31, 5, 437),
(232, 1, 36, 49, 873),
(232, 2, 40, 46, 773),
(232, 3, 46, 33, 733),
(232, 4, 44, 49, 59),
(232, 5, 41, 17, 957),
(232, 6, 33, 5, 591),
(233, 1, 20, 26, 250),
(233, 2, 24, 50, 900),
(233, 3, 40, 7, 922),
(233, 4, 39, 31, 133),
(233, 5, 15, 28, 901),
(233, 6, 2, 9, 801),
(234, 1, 3, 14, 868),
(234, 2, 24, 12, 549),
(234, 3, 5, 50, 178),
(234, 4, 39, 11, 348),
(234, 5, 37, 13, 838),
(234, 6, 34, 23, 281),
(235, 1, 37, 49, 124),
(235, 2, 8, 48, 413),
(235, 3, 26, 18, 153),
(235, 4, 12, 3, 721),
(235, 5, 47, 34, 892),
(235, 6, 17, 28, 256),
(236, 1, 35, 35, 605),
(236, 2, 18, 33, 926),
(236, 3, 29, 15, 463),
(236, 4, 41, 1, 920),
(236, 5, 9, 23, 394),
(236, 6, 30, 40, 912),
(237, 1, 21, 37, 129),
(237, 2, 19, 18, 117),
(237, 3, 24, 24, 993),
(237, 4, 31, 48, 587),
(237, 5, 14, 11, 551),
(237, 6, 29, 34, 250),
(238, 1, 13, 13, 677),
(238, 2, 40, 17, 394),
(238, 3, 16, 14, 843),
(238, 4, 5, 24, 819),
(238, 5, 46, 13, 60),
(238, 6, 29, 21, 718),
(239, 1, 47, 9, 640),
(239, 2, 35, 13, 517),
(239, 3, 38, 10, 92),
(239, 4, 45, 12, 906),
(239, 5, 43, 38, 813),
(239, 6, 37, 1, 210),
(240, 1, 39, 16, 831),
(240, 2, 30, 4, 933),
(240, 3, 14, 23, 80),
(240, 4, 41, 27, 411),
(240, 5, 25, 40, 575),
(240, 6, 15, 32, 796),
(241, 1, 12, 17, 409),
(241, 2, 12, 21, 581),
(241, 3, 27, 18, 141),
(241, 4, 45, 29, 626),
(241, 5, 47, 18, 849),
(241, 6, 6, 19, 852),
(242, 1, 29, 21, 352),
(242, 2, 7, 16, 141),
(242, 3, 3, 10, 504),
(242, 4, 38, 21, 200),
(242, 5, 46, 35, 752),
(242, 6, 50, 2, 219),
(243, 1, 37, 19, 550),
(243, 2, 27, 39, 94),
(243, 3, 6, 10, 906),
(243, 4, 8, 8, 852),
(243, 5, 5, 29, 34),
(243, 6, 31, 33, 393),
(244, 1, 9, 14, 182),
(244, 2, 9, 47, 763),
(244, 3, 34, 26, 349),
(244, 4, 12, 50, 253),
(244, 5, 23, 33, 28),
(244, 6, 26, 25, 142),
(245, 1, 16, 33, 879),
(245, 2, 8, 43, 338),
(245, 3, 5, 11, 242),
(245, 4, 17, 10, 826),
(245, 5, 14, 33, 902),
(245, 6, 48, 49, 793),
(246, 1, 17, 10, 763),
(246, 2, 24, 15, 267),
(246, 3, 33, 39, 93),
(246, 4, 32, 6, 85),
(246, 5, 12, 7, 201),
(246, 6, 39, 27, 798),
(247, 1, 38, 4, 301),
(247, 2, 6, 24, 401),
(247, 3, 45, 35, 444),
(247, 4, 45, 30, 145),
(247, 5, 41, 48, 203),
(247, 6, 7, 10, 898),
(248, 1, 27, 40, 820),
(248, 2, 10, 12, 581),
(248, 3, 50, 41, 416),
(248, 4, 43, 12, 686),
(248, 5, 29, 33, 656),
(248, 6, 33, 36, 44),
(249, 1, 33, 20, 737),
(249, 2, 17, 7, 876),
(249, 3, 14, 39, 292),
(249, 4, 7, 40, 560),
(249, 5, 33, 3, 812),
(249, 6, 22, 19, 152),
(250, 1, 30, 22, 305),
(250, 2, 49, 43, 583),
(250, 3, 49, 41, 199),
(250, 4, 33, 17, 795),
(250, 5, 19, 30, 201),
(250, 6, 14, 18, 494),
(251, 1, 44, 29, 66),
(251, 2, 43, 9, 831),
(251, 3, 13, 37, 803),
(251, 4, 42, 42, 590),
(251, 5, 14, 50, 404),
(251, 6, 41, 3, 640),
(252, 1, 26, 22, 58),
(252, 2, 11, 6, 167),
(252, 3, 45, 4, 235),
(252, 4, 16, 41, 15),
(252, 5, 47, 38, 422),
(252, 6, 38, 41, 893),
(253, 1, 5, 41, 493),
(253, 2, 44, 33, 781),
(253, 3, 6, 49, 306),
(253, 4, 48, 19, 53),
(253, 5, 43, 12, 296),
(253, 6, 38, 41, 76),
(254, 1, 49, 25, 130),
(254, 2, 33, 20, 716),
(254, 3, 12, 10, 825),
(254, 4, 19, 14, 315),
(254, 5, 34, 5, 488),
(254, 6, 28, 3, 878),
(255, 1, 27, 7, 856),
(255, 2, 21, 28, 256),
(255, 3, 27, 39, 50),
(255, 4, 8, 6, 973),
(255, 5, 22, 10, 464),
(255, 6, 26, 36, 923),
(256, 1, 27, 17, 401),
(256, 2, 15, 1, 318),
(256, 3, 28, 42, 787),
(256, 4, 26, 4, 40),
(256, 5, 6, 47, 10),
(256, 6, 38, 10, 21),
(257, 1, 44, 10, 761),
(257, 2, 47, 2, 568),
(257, 3, 33, 42, 424),
(257, 4, 45, 41, 133),
(257, 5, 14, 33, 793),
(257, 6, 5, 24, 770),
(258, 1, 25, 6, 181),
(258, 2, 39, 33, 469),
(258, 3, 31, 19, 812),
(258, 4, 19, 50, 215),
(258, 5, 30, 42, 633),
(258, 6, 31, 8, 397),
(259, 1, 32, 3, 559),
(259, 2, 2, 28, 363),
(259, 3, 48, 7, 663),
(259, 4, 30, 19, 346),
(259, 5, 42, 49, 757),
(259, 6, 15, 50, 665),
(260, 1, 42, 13, 958),
(260, 2, 34, 30, 684),
(260, 3, 22, 28, 769),
(260, 4, 28, 20, 725),
(260, 5, 10, 27, 785),
(260, 6, 20, 19, 798),
(261, 1, 47, 40, 706),
(261, 2, 22, 32, 175),
(261, 3, 38, 43, 703),
(261, 4, 12, 19, 874),
(261, 5, 10, 26, 939),
(261, 6, 34, 23, 573),
(262, 1, 32, 30, 411),
(262, 2, 43, 10, 890),
(262, 3, 45, 47, 641),
(262, 4, 45, 27, 191),
(262, 5, 19, 17, 174),
(262, 6, 40, 27, 551),
(263, 1, 38, 25, 579),
(263, 2, 8, 20, 600),
(263, 3, 19, 46, 957),
(263, 4, 3, 2, 755),
(263, 5, 39, 43, 518),
(263, 6, 8, 20, 133),
(264, 1, 40, 26, 626),
(264, 2, 47, 13, 320),
(264, 3, 33, 21, 146),
(264, 4, 36, 32, 342),
(264, 5, 27, 38, 484),
(264, 6, 4, 20, 941),
(265, 1, 6, 11, 199),
(265, 2, 10, 50, 58),
(265, 3, 19, 40, 810),
(265, 4, 9, 8, 513),
(265, 5, 38, 46, 371),
(265, 6, 48, 41, 306),
(266, 1, 17, 24, 282),
(266, 2, 5, 4, 439),
(266, 3, 25, 28, 867),
(266, 4, 19, 16, 564),
(266, 5, 4, 29, 347),
(266, 6, 45, 15, 734),
(267, 1, 17, 2, 420),
(267, 2, 41, 3, 868),
(267, 3, 47, 37, 325),
(267, 4, 25, 16, 873),
(267, 5, 35, 8, 471),
(267, 6, 18, 19, 925),
(268, 1, 12, 5, 603),
(268, 2, 37, 25, 946),
(268, 3, 41, 8, 8),
(268, 4, 1, 28, 256),
(268, 5, 22, 17, 704),
(268, 6, 23, 12, 836),
(269, 1, 3, 20, 218),
(269, 2, 10, 25, 222),
(269, 3, 26, 42, 150),
(269, 4, 49, 7, 177),
(269, 5, 12, 6, 61),
(269, 6, 49, 50, 260),
(270, 1, 2, 15, 695),
(270, 2, 42, 50, 663),
(270, 3, 31, 48, 677),
(270, 4, 41, 43, 642),
(270, 5, 21, 5, 761),
(270, 6, 27, 6, 949),
(271, 1, 30, 49, 547),
(271, 2, 31, 13, 141),
(271, 3, 41, 44, 67),
(271, 4, 4, 21, 772),
(271, 5, 3, 25, 78),
(271, 6, 27, 37, 180),
(272, 1, 25, 46, 674),
(272, 2, 31, 14, 850),
(272, 3, 36, 4, 141),
(272, 4, 26, 38, 544),
(272, 5, 45, 12, 725),
(272, 6, 15, 43, 485),
(273, 1, 20, 27, 271),
(273, 2, 19, 48, 680),
(273, 3, 30, 32, 941),
(273, 4, 23, 42, 39),
(273, 5, 10, 1, 949),
(273, 6, 22, 10, 516),
(274, 1, 1, 22, 942),
(274, 2, 27, 2, 991),
(274, 3, 38, 41, 290),
(274, 4, 14, 44, 758),
(274, 5, 23, 23, 934),
(274, 6, 13, 13, 773),
(275, 1, 26, 28, 619),
(275, 2, 31, 39, 146),
(275, 3, 42, 22, 368),
(275, 4, 44, 13, 692),
(275, 5, 28, 12, 982),
(275, 6, 40, 39, 30),
(276, 1, 34, 48, 706),
(276, 2, 24, 46, 958),
(276, 3, 45, 33, 428),
(276, 4, 14, 35, 913),
(276, 5, 1, 14, 524),
(276, 6, 19, 2, 97),
(277, 1, 29, 46, 340),
(277, 2, 12, 36, 928),
(277, 3, 19, 49, 261),
(277, 4, 13, 46, 784),
(277, 5, 23, 14, 956),
(277, 6, 49, 6, 963),
(278, 1, 22, 47, 492),
(278, 2, 16, 45, 691),
(278, 3, 5, 15, 657),
(278, 4, 46, 15, 687),
(278, 5, 4, 3, 614),
(278, 6, 9, 32, 469),
(279, 1, 45, 45, 838),
(279, 2, 31, 40, 914),
(279, 3, 15, 40, 396),
(279, 4, 18, 37, 986),
(279, 5, 41, 9, 906),
(279, 6, 38, 38, 12),
(280, 1, 3, 28, 358),
(280, 2, 23, 10, 730),
(280, 3, 46, 1, 572),
(280, 4, 42, 15, 909),
(280, 5, 50, 28, 961),
(280, 6, 49, 25, 768),
(281, 1, 48, 28, 503),
(281, 2, 3, 39, 592),
(281, 3, 49, 1, 239),
(281, 4, 48, 33, 676),
(281, 5, 16, 30, 90),
(281, 6, 48, 27, 153),
(282, 1, 26, 28, 928),
(282, 2, 21, 23, 676),
(282, 3, 37, 48, 580),
(282, 4, 34, 49, 998),
(282, 5, 38, 39, 354),
(282, 6, 19, 23, 962),
(283, 1, 15, 45, 53),
(283, 2, 11, 10, 590),
(283, 3, 7, 1, 460),
(283, 4, 16, 13, 166),
(283, 5, 14, 48, 666),
(283, 6, 25, 30, 164),
(284, 1, 19, 7, 862),
(284, 2, 32, 43, 668),
(284, 3, 25, 24, 843),
(284, 4, 24, 16, 731),
(284, 5, 13, 41, 806),
(284, 6, 30, 37, 226),
(285, 1, 4, 7, 103),
(285, 2, 44, 18, 538),
(285, 3, 36, 2, 294),
(285, 4, 26, 6, 419),
(285, 5, 26, 43, 163),
(285, 6, 25, 26, 785),
(286, 1, 36, 48, 771),
(286, 2, 23, 14, 521),
(286, 3, 31, 1, 120),
(286, 4, 1, 12, 428),
(286, 5, 32, 22, 435),
(286, 6, 7, 43, 394),
(287, 1, 10, 33, 874),
(287, 2, 5, 5, 595),
(287, 3, 41, 43, 797),
(287, 4, 2, 23, 243),
(287, 5, 19, 7, 583),
(287, 6, 17, 12, 943),
(288, 1, 46, 34, 271),
(288, 2, 30, 30, 750),
(288, 3, 7, 47, 535),
(288, 4, 15, 19, 374),
(288, 5, 13, 23, 297),
(288, 6, 36, 3, 694),
(289, 1, 2, 38, 242),
(289, 2, 42, 44, 887),
(289, 3, 7, 49, 158),
(289, 4, 16, 29, 949),
(289, 5, 4, 25, 721),
(289, 6, 14, 34, 457),
(290, 1, 31, 11, 356),
(290, 2, 13, 38, 364),
(290, 3, 6, 35, 807),
(290, 4, 12, 42, 203),
(290, 5, 41, 26, 83),
(290, 6, 14, 50, 225),
(291, 1, 7, 8, 746),
(291, 2, 49, 31, 230),
(291, 3, 12, 32, 720),
(291, 4, 12, 10, 93),
(291, 5, 49, 12, 852),
(291, 6, 50, 17, 413),
(292, 1, 21, 33, 96),
(292, 2, 27, 37, 205),
(292, 3, 5, 2, 430),
(292, 4, 24, 6, 286),
(292, 5, 38, 36, 953),
(292, 6, 21, 5, 679),
(293, 1, 16, 6, 601),
(293, 2, 21, 25, 377),
(293, 3, 33, 14, 491),
(293, 4, 37, 45, 693),
(293, 5, 34, 37, 37),
(293, 6, 36, 8, 1000),
(294, 1, 41, 46, 217),
(294, 2, 11, 47, 797),
(294, 3, 15, 28, 494),
(294, 4, 19, 27, 394),
(294, 5, 34, 48, 971),
(294, 6, 47, 16, 744),
(295, 1, 30, 40, 487),
(295, 2, 33, 33, 603),
(295, 3, 32, 33, 421),
(295, 4, 18, 26, 57),
(295, 5, 33, 50, 837),
(295, 6, 19, 5, 538),
(296, 1, 2, 13, 269),
(296, 2, 40, 34, 494),
(296, 3, 48, 16, 794),
(296, 4, 47, 2, 296),
(296, 5, 22, 42, 505),
(296, 6, 18, 3, 701),
(297, 1, 1, 11, 963),
(297, 2, 1, 13, 723),
(297, 3, 47, 49, 551),
(297, 4, 42, 4, 614),
(297, 5, 31, 43, 798),
(297, 6, 29, 3, 8),
(298, 1, 4, 13, 649),
(298, 2, 19, 27, 842),
(298, 3, 44, 9, 264),
(298, 4, 40, 28, 610),
(298, 5, 34, 12, 582),
(298, 6, 39, 40, 918),
(299, 1, 36, 9, 577),
(299, 2, 20, 36, 612),
(299, 3, 43, 41, 41),
(299, 4, 33, 37, 919),
(299, 5, 22, 3, 759),
(299, 6, 36, 8, 807),
(300, 1, 14, 37, 263),
(300, 2, 19, 3, 649),
(300, 3, 49, 29, 609),
(300, 4, 48, 46, 433),
(300, 5, 20, 42, 162),
(300, 6, 41, 36, 240),
(301, 1, 26, 3, 388),
(301, 2, 18, 46, 712),
(301, 3, 15, 28, 468),
(301, 4, 2, 27, 938),
(301, 5, 5, 43, 404),
(301, 6, 3, 27, 66),
(302, 1, 13, 32, 990),
(302, 2, 42, 5, 259),
(302, 3, 42, 7, 736),
(302, 4, 12, 25, 827),
(302, 5, 30, 29, 427),
(302, 6, 17, 7, 267),
(303, 1, 32, 44, 459),
(303, 2, 26, 8, 239),
(303, 3, 33, 36, 83),
(303, 4, 2, 9, 733),
(303, 5, 16, 16, 68),
(303, 6, 50, 20, 219),
(304, 1, 37, 44, 299),
(304, 2, 10, 26, 372),
(304, 3, 34, 1, 758),
(304, 4, 32, 21, 63),
(304, 5, 34, 31, 942),
(304, 6, 16, 40, 409),
(305, 1, 6, 30, 340),
(305, 2, 40, 8, 699),
(305, 3, 49, 11, 485),
(305, 4, 31, 12, 71),
(305, 5, 14, 50, 212),
(305, 6, 27, 4, 597),
(306, 1, 32, 12, 90),
(306, 2, 2, 34, 419),
(306, 3, 12, 26, 317),
(306, 4, 15, 37, 953),
(306, 5, 17, 46, 40),
(306, 6, 3, 28, 25),
(307, 1, 40, 38, 556),
(307, 2, 18, 13, 505),
(307, 3, 32, 29, 342),
(307, 4, 6, 28, 838),
(307, 5, 37, 10, 909),
(307, 6, 43, 40, 247),
(308, 1, 48, 13, 605),
(308, 2, 26, 10, 255),
(308, 3, 29, 18, 684),
(308, 4, 42, 30, 857),
(308, 5, 18, 41, 184),
(308, 6, 37, 22, 678),
(309, 1, 48, 35, 384),
(309, 2, 35, 39, 720),
(309, 3, 42, 44, 573),
(309, 4, 8, 16, 909),
(309, 5, 26, 34, 385),
(309, 6, 33, 14, 518),
(310, 1, 20, 18, 306),
(310, 2, 43, 38, 173),
(310, 3, 47, 22, 870),
(310, 4, 33, 18, 556),
(310, 5, 9, 46, 372),
(310, 6, 22, 29, 304),
(311, 1, 9, 35, 669),
(311, 2, 8, 30, 425),
(311, 3, 12, 20, 888),
(311, 4, 9, 13, 706),
(311, 5, 22, 33, 419),
(311, 6, 49, 16, 909),
(312, 1, 45, 34, 602),
(312, 2, 2, 43, 843),
(312, 3, 45, 44, 221),
(312, 4, 39, 6, 535),
(312, 5, 20, 21, 950),
(312, 6, 13, 15, 696),
(313, 1, 6, 37, 835),
(313, 2, 26, 5, 51),
(313, 3, 15, 14, 515),
(313, 4, 18, 31, 561),
(313, 5, 22, 8, 355),
(313, 6, 35, 26, 843),
(314, 1, 36, 43, 413),
(314, 2, 31, 9, 608),
(314, 3, 32, 18, 674),
(314, 4, 32, 21, 300),
(314, 5, 7, 33, 609),
(314, 6, 9, 23, 325),
(315, 1, 33, 34, 10),
(315, 2, 50, 8, 409),
(315, 3, 20, 23, 312),
(315, 4, 7, 18, 777),
(315, 5, 15, 22, 857),
(315, 6, 8, 32, 278),
(316, 1, 14, 44, 793),
(316, 2, 30, 33, 15),
(316, 3, 39, 25, 733),
(316, 4, 22, 40, 817),
(316, 5, 34, 39, 440),
(316, 6, 47, 10, 60),
(317, 1, 48, 24, 474),
(317, 2, 27, 18, 834),
(317, 3, 48, 23, 764),
(317, 4, 16, 45, 249),
(317, 5, 25, 48, 972),
(317, 6, 35, 25, 952),
(318, 1, 7, 34, 310),
(318, 2, 32, 16, 967),
(318, 3, 3, 4, 771),
(318, 4, 18, 36, 297),
(318, 5, 15, 27, 317),
(318, 6, 47, 15, 177),
(319, 1, 24, 25, 48),
(319, 2, 49, 47, 461),
(319, 3, 36, 17, 203),
(319, 4, 20, 40, 689),
(319, 5, 31, 24, 572),
(319, 6, 41, 35, 407),
(320, 1, 5, 33, 632),
(320, 2, 27, 3, 691),
(320, 3, 45, 24, 76),
(320, 4, 2, 16, 110),
(320, 5, 3, 31, 2),
(320, 6, 15, 15, 771),
(321, 1, 39, 34, 685),
(321, 2, 6, 10, 293),
(321, 3, 22, 7, 667),
(321, 4, 2, 31, 842),
(321, 5, 15, 33, 797),
(321, 6, 14, 34, 539),
(322, 1, 50, 3, 605),
(322, 2, 8, 8, 493),
(322, 3, 10, 23, 49),
(322, 4, 49, 19, 45),
(322, 5, 13, 43, 677),
(322, 6, 36, 21, 416),
(323, 1, 47, 20, 825),
(323, 2, 48, 47, 235),
(323, 3, 2, 48, 331),
(323, 4, 37, 25, 671),
(323, 5, 9, 9, 237),
(323, 6, 45, 10, 574),
(324, 1, 21, 25, 465),
(324, 2, 40, 36, 960),
(324, 3, 9, 12, 636),
(324, 4, 33, 46, 285),
(324, 5, 3, 34, 929),
(324, 6, 31, 45, 159),
(325, 1, 46, 29, 342),
(325, 2, 50, 2, 267),
(325, 3, 3, 41, 704),
(325, 4, 35, 41, 677),
(325, 5, 26, 30, 647),
(325, 6, 14, 24, 900),
(326, 1, 15, 47, 509),
(326, 2, 44, 3, 151),
(326, 3, 12, 16, 859),
(326, 4, 50, 35, 959),
(326, 5, 44, 49, 299),
(326, 6, 10, 18, 409),
(327, 1, 22, 18, 528),
(327, 2, 31, 11, 524),
(327, 3, 16, 43, 85),
(327, 4, 26, 1, 141),
(327, 5, 44, 45, 63),
(327, 6, 29, 1, 313),
(328, 1, 35, 47, 331),
(328, 2, 20, 38, 325),
(328, 3, 3, 22, 838),
(328, 4, 12, 3, 31),
(328, 5, 40, 15, 558),
(328, 6, 27, 18, 646),
(329, 1, 4, 38, 341),
(329, 2, 24, 43, 963),
(329, 3, 3, 48, 739),
(329, 4, 18, 7, 920),
(329, 5, 30, 36, 571),
(329, 6, 2, 9, 651),
(330, 1, 4, 43, 875),
(330, 2, 17, 39, 983),
(330, 3, 30, 18, 599),
(330, 4, 46, 5, 763),
(330, 5, 29, 49, 275),
(330, 6, 50, 5, 153),
(331, 1, 5, 7, 34),
(331, 2, 35, 14, 219),
(331, 3, 40, 20, 96),
(331, 4, 17, 3, 280),
(331, 5, 28, 13, 456),
(331, 6, 11, 23, 316),
(332, 1, 26, 10, 496),
(332, 2, 14, 20, 740),
(332, 3, 23, 8, 88),
(332, 4, 47, 13, 645),
(332, 5, 29, 28, 901),
(332, 6, 15, 1, 543),
(333, 1, 21, 43, 766),
(333, 2, 21, 37, 157),
(333, 3, 21, 26, 175),
(333, 4, 46, 26, 531),
(333, 5, 5, 13, 962),
(333, 6, 14, 27, 720),
(334, 1, 33, 21, 566),
(334, 2, 5, 18, 486),
(334, 3, 49, 35, 958),
(334, 4, 50, 4, 36),
(334, 5, 45, 13, 486),
(334, 6, 9, 42, 785),
(335, 1, 25, 27, 713),
(335, 2, 41, 22, 890),
(335, 3, 35, 30, 982),
(335, 4, 36, 10, 778),
(335, 5, 50, 21, 688),
(335, 6, 16, 40, 825),
(336, 1, 15, 50, 211),
(336, 2, 18, 45, 895),
(336, 3, 2, 25, 201),
(336, 4, 1, 8, 565),
(336, 5, 25, 30, 520),
(336, 6, 18, 13, 494),
(337, 1, 49, 47, 176),
(337, 2, 22, 18, 988),
(337, 3, 9, 43, 710),
(337, 4, 43, 24, 804),
(337, 5, 23, 31, 156),
(337, 6, 36, 19, 747),
(338, 1, 26, 2, 294),
(338, 2, 33, 9, 603),
(338, 3, 2, 16, 154),
(338, 4, 41, 22, 797),
(338, 5, 47, 36, 325),
(338, 6, 6, 24, 691),
(339, 1, 49, 20, 838),
(339, 2, 20, 4, 247),
(339, 3, 50, 19, 353),
(339, 4, 45, 22, 879),
(339, 5, 2, 37, 516),
(339, 6, 2, 45, 743),
(340, 1, 48, 36, 232),
(340, 2, 50, 6, 538),
(340, 3, 17, 29, 203),
(340, 4, 45, 25, 261),
(340, 5, 25, 16, 471),
(340, 6, 2, 30, 655),
(341, 1, 1, 4, 670),
(341, 2, 42, 17, 874),
(341, 3, 9, 17, 334),
(341, 4, 21, 42, 643),
(341, 5, 2, 50, 72),
(341, 6, 13, 34, 447),
(342, 1, 20, 33, 422),
(342, 2, 16, 41, 108),
(342, 3, 28, 6, 923),
(342, 4, 23, 3, 193),
(342, 5, 22, 5, 401),
(342, 6, 12, 29, 955),
(343, 1, 33, 21, 667),
(343, 2, 34, 38, 756),
(343, 3, 3, 19, 910),
(343, 4, 4, 12, 600),
(343, 5, 28, 38, 103),
(343, 6, 26, 16, 714),
(344, 1, 18, 22, 717),
(344, 2, 8, 43, 955),
(344, 3, 39, 19, 576),
(344, 4, 6, 50, 176),
(344, 5, 46, 16, 952),
(344, 6, 39, 19, 917),
(345, 1, 37, 8, 295),
(345, 2, 3, 27, 904),
(345, 3, 35, 49, 460),
(345, 4, 19, 1, 139),
(345, 5, 1, 45, 745),
(345, 6, 45, 27, 375),
(346, 1, 37, 50, 691),
(346, 2, 8, 31, 362),
(346, 3, 28, 9, 409),
(346, 4, 19, 21, 273),
(346, 5, 1, 20, 54),
(346, 6, 17, 22, 873),
(347, 1, 46, 47, 124),
(347, 2, 10, 26, 192),
(347, 3, 10, 1, 490),
(347, 4, 2, 37, 516),
(347, 5, 24, 31, 945),
(347, 6, 15, 21, 828),
(348, 1, 43, 25, 533),
(348, 2, 42, 38, 436),
(348, 3, 49, 4, 802),
(348, 4, 18, 6, 453),
(348, 5, 34, 29, 939),
(348, 6, 33, 41, 514),
(349, 1, 34, 5, 953),
(349, 2, 13, 49, 850),
(349, 3, 39, 11, 860),
(349, 4, 35, 14, 137),
(349, 5, 33, 15, 988),
(349, 6, 14, 50, 535),
(350, 1, 48, 44, 645),
(350, 2, 11, 49, 800),
(350, 3, 29, 23, 526),
(350, 4, 12, 17, 251),
(350, 5, 31, 17, 179),
(350, 6, 7, 47, 894),
(351, 1, 28, 8, 139),
(351, 2, 38, 49, 104),
(351, 3, 31, 37, 394),
(351, 4, 28, 27, 431),
(351, 5, 5, 2, 78),
(351, 6, 36, 44, 733),
(352, 1, 27, 29, 537),
(352, 2, 29, 49, 770),
(352, 3, 43, 9, 769),
(352, 4, 24, 48, 815),
(352, 5, 18, 35, 942),
(352, 6, 17, 43, 390),
(353, 1, 16, 34, 202),
(353, 2, 11, 19, 844),
(353, 3, 6, 7, 628),
(353, 4, 24, 2, 460),
(353, 5, 43, 29, 807),
(353, 6, 7, 10, 525),
(354, 1, 17, 21, 244),
(354, 2, 49, 3, 872),
(354, 3, 45, 26, 464),
(354, 4, 10, 11, 157),
(354, 5, 28, 12, 499),
(354, 6, 12, 18, 972),
(355, 1, 18, 41, 750),
(355, 2, 7, 42, 242),
(355, 3, 42, 29, 233),
(355, 4, 14, 44, 901),
(355, 5, 38, 30, 144),
(355, 6, 38, 42, 530),
(356, 1, 25, 5, 141),
(356, 2, 46, 45, 438),
(356, 3, 35, 11, 622),
(356, 4, 30, 29, 64),
(356, 5, 37, 7, 301),
(356, 6, 35, 42, 913),
(357, 1, 36, 34, 840),
(357, 2, 46, 10, 523),
(357, 3, 41, 43, 320),
(357, 4, 14, 5, 580),
(357, 5, 35, 8, 438),
(357, 6, 46, 43, 92),
(358, 1, 32, 37, 796),
(358, 2, 8, 7, 225),
(358, 3, 45, 25, 909),
(358, 4, 39, 2, 943),
(358, 5, 33, 24, 147),
(358, 6, 47, 31, 688),
(359, 1, 49, 23, 331),
(359, 2, 35, 44, 425),
(359, 3, 24, 39, 35),
(359, 4, 23, 20, 7),
(359, 5, 1, 20, 28),
(359, 6, 47, 6, 765),
(360, 1, 49, 15, 28),
(360, 2, 31, 4, 430),
(360, 3, 16, 21, 498),
(360, 4, 35, 35, 839),
(360, 5, 27, 26, 571),
(360, 6, 5, 19, 961),
(361, 1, 33, 31, 241),
(361, 2, 24, 26, 147),
(361, 3, 24, 44, 680),
(361, 4, 45, 8, 784),
(361, 5, 17, 38, 741),
(361, 6, 10, 36, 475),
(362, 1, 12, 5, 448),
(362, 2, 15, 44, 554),
(362, 3, 27, 21, 427),
(362, 4, 6, 12, 527),
(362, 5, 20, 50, 532),
(362, 6, 39, 24, 94),
(363, 1, 21, 49, 573),
(363, 2, 22, 38, 424),
(363, 3, 17, 28, 121),
(363, 4, 9, 26, 669),
(363, 5, 33, 15, 720),
(363, 6, 46, 25, 707),
(364, 1, 10, 26, 701),
(364, 2, 7, 42, 868),
(364, 3, 26, 19, 886),
(364, 4, 30, 39, 239),
(364, 5, 22, 14, 786),
(364, 6, 28, 8, 96),
(365, 1, 44, 21, 105),
(365, 2, 22, 30, 708),
(365, 3, 1, 1, 319),
(365, 4, 47, 40, 207),
(365, 5, 50, 19, 249),
(365, 6, 8, 30, 137),
(366, 1, 26, 9, 592),
(366, 2, 24, 12, 211),
(366, 3, 41, 6, 294),
(366, 4, 36, 41, 273),
(366, 5, 31, 11, 435),
(366, 6, 14, 39, 430),
(367, 1, 48, 12, 598),
(367, 2, 42, 20, 884),
(367, 3, 21, 11, 134),
(367, 4, 39, 7, 43),
(367, 5, 45, 5, 981),
(367, 6, 29, 3, 117),
(368, 1, 6, 41, 723),
(368, 2, 24, 3, 562),
(368, 3, 22, 1, 777),
(368, 4, 33, 26, 890),
(368, 5, 35, 5, 143),
(368, 6, 46, 48, 602),
(369, 1, 11, 46, 72),
(369, 2, 16, 44, 592),
(369, 3, 43, 38, 621),
(369, 4, 37, 48, 449),
(369, 5, 45, 27, 164),
(369, 6, 28, 29, 195),
(370, 1, 8, 49, 678),
(370, 2, 34, 45, 329),
(370, 3, 21, 35, 186),
(370, 4, 27, 17, 804),
(370, 5, 29, 44, 358),
(370, 6, 27, 16, 406),
(371, 1, 26, 45, 192),
(371, 2, 43, 39, 538),
(371, 3, 16, 6, 235),
(371, 4, 19, 49, 391),
(371, 5, 11, 16, 49),
(371, 6, 45, 11, 554),
(372, 1, 7, 25, 238),
(372, 2, 36, 31, 552),
(372, 3, 4, 4, 375),
(372, 4, 16, 47, 604),
(372, 5, 20, 16, 821),
(372, 6, 17, 30, 253),
(373, 1, 39, 16, 623),
(373, 2, 2, 3, 274),
(373, 3, 38, 49, 800),
(373, 4, 25, 33, 73),
(373, 5, 39, 5, 805),
(373, 6, 30, 32, 529),
(374, 1, 14, 46, 815),
(374, 2, 28, 34, 246),
(374, 3, 39, 47, 240),
(374, 4, 7, 4, 686),
(374, 5, 24, 9, 87),
(374, 6, 10, 40, 340),
(375, 1, 45, 15, 854),
(375, 2, 27, 10, 905),
(375, 3, 40, 34, 63),
(375, 4, 31, 5, 598),
(375, 5, 20, 10, 22),
(375, 6, 4, 13, 211),
(376, 1, 36, 39, 646),
(376, 2, 46, 20, 97),
(376, 3, 20, 28, 778),
(376, 4, 5, 48, 137),
(376, 5, 22, 35, 339),
(376, 6, 16, 21, 732),
(377, 1, 9, 27, 553),
(377, 2, 30, 4, 643),
(377, 3, 23, 23, 196),
(377, 4, 8, 5, 787),
(377, 5, 13, 8, 524),
(377, 6, 7, 41, 129),
(378, 1, 10, 45, 963),
(378, 2, 17, 26, 159),
(378, 3, 7, 38, 855),
(378, 4, 43, 3, 349),
(378, 5, 44, 4, 567),
(378, 6, 46, 10, 306),
(379, 1, 3, 45, 353),
(379, 2, 2, 23, 283),
(379, 3, 19, 1, 144),
(379, 4, 1, 36, 174),
(379, 5, 43, 4, 553),
(379, 6, 4, 32, 646),
(380, 1, 28, 42, 175),
(380, 2, 41, 14, 638),
(380, 3, 6, 12, 357),
(380, 4, 43, 3, 469),
(380, 5, 39, 10, 160),
(380, 6, 48, 31, 453),
(381, 1, 26, 12, 738),
(381, 2, 27, 2, 906),
(381, 3, 25, 8, 402),
(381, 4, 4, 34, 996),
(381, 5, 14, 27, 39),
(381, 6, 6, 14, 194),
(382, 1, 20, 35, 350),
(382, 2, 22, 9, 433),
(382, 3, 26, 3, 246),
(382, 4, 42, 11, 245),
(382, 5, 5, 1, 674),
(382, 6, 13, 30, 639),
(383, 1, 20, 15, 652),
(383, 2, 20, 27, 164),
(383, 3, 28, 37, 812),
(383, 4, 47, 26, 313),
(383, 5, 12, 39, 666),
(383, 6, 27, 19, 911),
(384, 1, 24, 47, 148),
(384, 2, 44, 50, 352),
(384, 3, 36, 20, 491),
(384, 4, 39, 23, 895),
(384, 5, 48, 19, 596),
(384, 6, 28, 28, 301),
(385, 1, 3, 20, 891),
(385, 2, 7, 36, 900),
(385, 3, 13, 15, 220),
(385, 4, 29, 2, 807),
(385, 5, 27, 10, 329),
(385, 6, 44, 33, 328),
(386, 1, 33, 50, 836),
(386, 2, 15, 11, 815),
(386, 3, 50, 26, 363),
(386, 4, 29, 42, 494),
(386, 5, 35, 43, 879),
(386, 6, 27, 13, 733),
(387, 1, 37, 14, 924),
(387, 2, 34, 23, 392),
(387, 3, 12, 20, 469),
(387, 4, 37, 37, 748),
(387, 5, 6, 49, 900),
(387, 6, 5, 29, 633),
(388, 1, 9, 23, 290),
(388, 2, 25, 42, 406),
(388, 3, 19, 33, 624),
(388, 4, 9, 8, 200),
(388, 5, 2, 37, 92),
(388, 6, 47, 25, 612),
(389, 1, 14, 31, 518),
(389, 2, 12, 33, 740),
(389, 3, 34, 50, 877),
(389, 4, 11, 25, 614),
(389, 5, 32, 30, 359),
(389, 6, 50, 50, 242),
(390, 1, 35, 11, 516),
(390, 2, 24, 33, 726),
(390, 3, 43, 8, 763),
(390, 4, 30, 20, 583),
(390, 5, 2, 26, 703),
(390, 6, 30, 17, 508),
(391, 1, 15, 44, 173),
(391, 2, 13, 33, 210),
(391, 3, 46, 46, 459),
(391, 4, 22, 23, 22),
(391, 5, 18, 19, 331),
(391, 6, 5, 12, 465),
(392, 1, 24, 15, 453),
(392, 2, 29, 30, 130),
(392, 3, 1, 5, 540),
(392, 4, 27, 22, 709),
(392, 5, 12, 38, 401),
(392, 6, 38, 17, 88),
(393, 1, 22, 20, 264),
(393, 2, 35, 8, 244),
(393, 3, 9, 42, 260),
(393, 4, 8, 41, 431),
(393, 5, 4, 1, 712),
(393, 6, 23, 21, 466),
(394, 1, 31, 18, 717),
(394, 2, 3, 11, 488),
(394, 3, 2, 9, 171),
(394, 4, 23, 6, 921),
(394, 5, 43, 20, 642),
(394, 6, 36, 18, 644),
(395, 1, 25, 50, 995),
(395, 2, 25, 42, 389),
(395, 3, 4, 50, 490),
(395, 4, 42, 18, 372),
(395, 5, 19, 5, 583),
(395, 6, 5, 8, 156),
(396, 1, 20, 41, 931),
(396, 2, 30, 33, 171),
(396, 3, 23, 22, 643),
(396, 4, 10, 28, 229),
(396, 5, 26, 18, 706),
(396, 6, 44, 24, 691),
(397, 1, 35, 33, 787),
(397, 2, 27, 8, 144),
(397, 3, 22, 23, 217),
(397, 4, 6, 48, 664),
(397, 5, 37, 25, 400),
(397, 6, 47, 4, 346),
(398, 1, 13, 49, 634),
(398, 2, 16, 36, 114),
(398, 3, 2, 29, 748),
(398, 4, 20, 3, 362),
(398, 5, 31, 5, 142),
(398, 6, 50, 40, 637),
(399, 1, 18, 40, 145),
(399, 2, 50, 40, 279),
(399, 3, 43, 2, 532),
(399, 4, 32, 14, 504),
(399, 5, 36, 43, 150),
(399, 6, 1, 2, 402),
(400, 1, 44, 19, 997),
(400, 2, 8, 43, 80),
(400, 3, 42, 16, 773),
(400, 4, 7, 10, 105),
(400, 5, 20, 38, 54),
(400, 6, 3, 48, 486),
(401, 1, 28, 46, 807),
(401, 2, 33, 7, 710),
(401, 3, 41, 2, 544),
(401, 4, 43, 41, 204),
(401, 5, 33, 40, 943),
(401, 6, 36, 28, 457),
(402, 1, 4, 18, 957),
(402, 2, 6, 33, 753),
(402, 3, 26, 49, 895),
(402, 4, 43, 10, 202),
(402, 5, 2, 9, 309),
(402, 6, 50, 33, 80),
(403, 1, 48, 39, 771),
(403, 2, 17, 16, 580),
(403, 3, 11, 38, 709),
(403, 4, 15, 50, 917),
(403, 5, 7, 33, 95),
(403, 6, 8, 22, 687),
(404, 1, 39, 48, 203),
(404, 2, 36, 45, 416),
(404, 3, 22, 30, 60),
(404, 4, 10, 38, 924),
(404, 5, 46, 9, 576),
(404, 6, 13, 30, 771),
(405, 1, 26, 42, 77),
(405, 2, 27, 7, 934),
(405, 3, 7, 29, 372),
(405, 4, 16, 18, 720),
(405, 5, 43, 41, 608),
(405, 6, 38, 1, 950),
(406, 1, 8, 25, 677),
(406, 2, 35, 6, 136),
(406, 3, 9, 31, 679),
(406, 4, 13, 23, 542),
(406, 5, 8, 9, 782),
(406, 6, 20, 17, 80),
(407, 1, 49, 18, 160),
(407, 2, 37, 38, 387),
(407, 3, 48, 12, 704),
(407, 4, 9, 14, 768),
(407, 5, 48, 12, 665),
(407, 6, 18, 6, 836),
(408, 1, 45, 14, 735),
(408, 2, 9, 33, 797),
(408, 3, 1, 21, 251),
(408, 4, 22, 3, 694),
(408, 5, 50, 27, 575),
(408, 6, 8, 2, 453),
(409, 1, 40, 8, 583),
(409, 2, 28, 25, 232),
(409, 3, 14, 16, 590),
(409, 4, 22, 29, 374),
(409, 5, 20, 5, 972),
(409, 6, 6, 30, 602),
(410, 1, 22, 34, 127),
(410, 2, 1, 18, 328),
(410, 3, 13, 29, 514),
(410, 4, 27, 9, 305),
(410, 5, 33, 15, 777),
(410, 6, 35, 22, 220),
(411, 1, 20, 36, 494),
(411, 2, 38, 30, 41);
INSERT INTO `run_enemy` (`run_id`, `enemy_id`, `deaths`, `seen`, `demage`) VALUES
(411, 3, 50, 16, 219),
(411, 4, 42, 48, 305),
(411, 5, 19, 15, 730),
(411, 6, 40, 10, 408),
(412, 1, 7, 25, 380),
(412, 2, 30, 5, 386),
(412, 3, 43, 20, 364),
(412, 4, 23, 30, 29),
(412, 5, 11, 32, 859),
(412, 6, 7, 1, 957);

-- --------------------------------------------------------

--
-- Tábla szerkezet ehhez a táblához `run_eventroom`
--

CREATE TABLE `run_eventroom` (
  `run_id` int(11) NOT NULL,
  `eventroom_id` int(11) NOT NULL,
  `seen` int(10) UNSIGNED NOT NULL
) ENGINE=InnoDB DEFAULT CHARSET=utf8;

--
-- A tábla adatainak kiíratása `run_eventroom`
--

INSERT INTO `run_eventroom` (`run_id`, `eventroom_id`, `seen`) VALUES
(1, 1, 6),
(1, 2, 4),
(1, 3, 0),
(1, 4, 7),
(1, 5, 9),
(2, 1, 1),
(2, 2, 1),
(2, 3, 1),
(2, 4, 0),
(2, 5, 6),
(3, 1, 4),
(3, 2, 6),
(3, 3, 0),
(3, 4, 6),
(3, 5, 2),
(4, 1, 4),
(4, 2, 1),
(4, 3, 3),
(4, 4, 7),
(4, 5, 9),
(5, 1, 8),
(5, 2, 4),
(5, 3, 3),
(5, 4, 7),
(5, 5, 4),
(6, 1, 7),
(6, 2, 9),
(6, 3, 2),
(6, 4, 7),
(6, 5, 9),
(7, 1, 0),
(7, 2, 9),
(7, 3, 8),
(7, 4, 5),
(7, 5, 8),
(8, 1, 3),
(8, 2, 1),
(8, 3, 5),
(8, 4, 9),
(8, 5, 1),
(9, 1, 0),
(9, 2, 10),
(9, 3, 3),
(9, 4, 5),
(9, 5, 3),
(10, 1, 0),
(10, 2, 3),
(10, 3, 0),
(10, 4, 2),
(10, 5, 5),
(11, 1, 2),
(11, 2, 7),
(11, 3, 6),
(11, 4, 8),
(11, 5, 0),
(12, 1, 5),
(12, 2, 10),
(12, 3, 3),
(12, 4, 8),
(12, 5, 8),
(13, 1, 4),
(13, 2, 3),
(13, 3, 2),
(13, 4, 6),
(13, 5, 4),
(14, 1, 9),
(14, 2, 6),
(14, 3, 10),
(14, 4, 5),
(14, 5, 7),
(15, 1, 3),
(15, 2, 7),
(15, 3, 5),
(15, 4, 2),
(15, 5, 2),
(16, 1, 10),
(16, 2, 9),
(16, 3, 7),
(16, 4, 5),
(16, 5, 10),
(17, 1, 7),
(17, 2, 5),
(17, 3, 9),
(17, 4, 9),
(17, 5, 2),
(18, 1, 3),
(18, 2, 8),
(18, 3, 8),
(18, 4, 7),
(18, 5, 2),
(19, 1, 4),
(19, 2, 0),
(19, 3, 8),
(19, 4, 5),
(19, 5, 1),
(20, 1, 2),
(20, 2, 4),
(20, 3, 10),
(20, 4, 3),
(20, 5, 0),
(21, 1, 5),
(21, 2, 4),
(21, 3, 10),
(21, 4, 7),
(21, 5, 5),
(22, 1, 8),
(22, 2, 3),
(22, 3, 9),
(22, 4, 5),
(22, 5, 5),
(23, 1, 5),
(23, 2, 2),
(23, 3, 3),
(23, 4, 7),
(23, 5, 4),
(24, 1, 2),
(24, 2, 8),
(24, 3, 6),
(24, 4, 4),
(24, 5, 1),
(25, 1, 1),
(25, 2, 0),
(25, 3, 0),
(25, 4, 5),
(25, 5, 7),
(26, 1, 1),
(26, 2, 1),
(26, 3, 8),
(26, 4, 1),
(26, 5, 4),
(27, 1, 9),
(27, 2, 2),
(27, 3, 9),
(27, 4, 5),
(27, 5, 1),
(28, 1, 2),
(28, 2, 8),
(28, 3, 5),
(28, 4, 0),
(28, 5, 4),
(29, 1, 0),
(29, 2, 6),
(29, 3, 5),
(29, 4, 2),
(29, 5, 2),
(30, 1, 10),
(30, 2, 0),
(30, 3, 5),
(30, 4, 3),
(30, 5, 5),
(31, 1, 1),
(31, 2, 6),
(31, 3, 9),
(31, 4, 10),
(31, 5, 1),
(32, 1, 8),
(32, 2, 5),
(32, 3, 3),
(32, 4, 0),
(32, 5, 0),
(33, 1, 1),
(33, 2, 1),
(33, 3, 1),
(33, 4, 7),
(33, 5, 3),
(34, 1, 0),
(34, 2, 4),
(34, 3, 5),
(34, 4, 6),
(34, 5, 7),
(35, 1, 8),
(35, 2, 9),
(35, 3, 4),
(35, 4, 0),
(35, 5, 10),
(36, 1, 8),
(36, 2, 10),
(36, 3, 0),
(36, 4, 1),
(36, 5, 8),
(37, 1, 3),
(37, 2, 3),
(37, 3, 7),
(37, 4, 7),
(37, 5, 7),
(38, 1, 4),
(38, 2, 0),
(38, 3, 6),
(38, 4, 9),
(38, 5, 9),
(39, 1, 9),
(39, 2, 9),
(39, 3, 6),
(39, 4, 5),
(39, 5, 5),
(40, 1, 9),
(40, 2, 4),
(40, 3, 7),
(40, 4, 6),
(40, 5, 7),
(41, 1, 6),
(41, 2, 7),
(41, 3, 3),
(41, 4, 5),
(41, 5, 0),
(42, 1, 1),
(42, 2, 10),
(42, 3, 10),
(42, 4, 5),
(42, 5, 1),
(43, 1, 5),
(43, 2, 8),
(43, 3, 8),
(43, 4, 3),
(43, 5, 1),
(44, 1, 2),
(44, 2, 4),
(44, 3, 3),
(44, 4, 5),
(44, 5, 0),
(45, 1, 8),
(45, 2, 4),
(45, 3, 5),
(45, 4, 4),
(45, 5, 2),
(46, 1, 5),
(46, 2, 7),
(46, 3, 9),
(46, 4, 3),
(46, 5, 7),
(47, 1, 10),
(47, 2, 8),
(47, 3, 0),
(47, 4, 1),
(47, 5, 8),
(48, 1, 4),
(48, 2, 0),
(48, 3, 9),
(48, 4, 7),
(48, 5, 2),
(49, 1, 0),
(49, 2, 10),
(49, 3, 10),
(49, 4, 3),
(49, 5, 4),
(50, 1, 6),
(50, 2, 1),
(50, 3, 9),
(50, 4, 1),
(50, 5, 1),
(51, 1, 4),
(51, 2, 0),
(51, 3, 2),
(51, 4, 4),
(51, 5, 3),
(52, 1, 2),
(52, 2, 1),
(52, 3, 6),
(52, 4, 4),
(52, 5, 6),
(53, 1, 2),
(53, 2, 9),
(53, 3, 9),
(53, 4, 7),
(53, 5, 10),
(54, 1, 3),
(54, 2, 6),
(54, 3, 8),
(54, 4, 7),
(54, 5, 4),
(55, 1, 2),
(55, 2, 7),
(55, 3, 10),
(55, 4, 7),
(55, 5, 6),
(56, 1, 10),
(56, 2, 0),
(56, 3, 9),
(56, 4, 0),
(56, 5, 8),
(57, 1, 10),
(57, 2, 6),
(57, 3, 5),
(57, 4, 3),
(57, 5, 5),
(58, 1, 4),
(58, 2, 1),
(58, 3, 7),
(58, 4, 8),
(58, 5, 2),
(59, 1, 6),
(59, 2, 0),
(59, 3, 4),
(59, 4, 9),
(59, 5, 3),
(60, 1, 0),
(60, 2, 1),
(60, 3, 2),
(60, 4, 9),
(60, 5, 6),
(61, 1, 6),
(61, 2, 4),
(61, 3, 7),
(61, 4, 8),
(61, 5, 1),
(62, 1, 5),
(62, 2, 10),
(62, 3, 6),
(62, 4, 4),
(62, 5, 3),
(63, 1, 9),
(63, 2, 1),
(63, 3, 10),
(63, 4, 2),
(63, 5, 5),
(64, 1, 0),
(64, 2, 6),
(64, 3, 7),
(64, 4, 6),
(64, 5, 0),
(65, 1, 3),
(65, 2, 2),
(65, 3, 3),
(65, 4, 9),
(65, 5, 10),
(66, 1, 6),
(66, 2, 1),
(66, 3, 2),
(66, 4, 0),
(66, 5, 5),
(67, 1, 10),
(67, 2, 7),
(67, 3, 4),
(67, 4, 8),
(67, 5, 7),
(68, 1, 7),
(68, 2, 10),
(68, 3, 4),
(68, 4, 2),
(68, 5, 5),
(69, 1, 2),
(69, 2, 1),
(69, 3, 1),
(69, 4, 4),
(69, 5, 9),
(70, 1, 9),
(70, 2, 7),
(70, 3, 9),
(70, 4, 3),
(70, 5, 0),
(71, 1, 0),
(71, 2, 5),
(71, 3, 3),
(71, 4, 10),
(71, 5, 3),
(72, 1, 6),
(72, 2, 1),
(72, 3, 0),
(72, 4, 4),
(72, 5, 4),
(73, 1, 9),
(73, 2, 6),
(73, 3, 0),
(73, 4, 1),
(73, 5, 9),
(74, 1, 4),
(74, 2, 0),
(74, 3, 10),
(74, 4, 8),
(74, 5, 10),
(75, 1, 8),
(75, 2, 4),
(75, 3, 6),
(75, 4, 5),
(75, 5, 7),
(76, 1, 1),
(76, 2, 2),
(76, 3, 4),
(76, 4, 2),
(76, 5, 5),
(77, 1, 6),
(77, 2, 8),
(77, 3, 6),
(77, 4, 9),
(77, 5, 4),
(78, 1, 6),
(78, 2, 5),
(78, 3, 5),
(78, 4, 2),
(78, 5, 9),
(79, 1, 10),
(79, 2, 10),
(79, 3, 1),
(79, 4, 3),
(79, 5, 2),
(80, 1, 10),
(80, 2, 3),
(80, 3, 0),
(80, 4, 2),
(80, 5, 7),
(81, 1, 2),
(81, 2, 8),
(81, 3, 5),
(81, 4, 9),
(81, 5, 7),
(82, 1, 2),
(82, 2, 4),
(82, 3, 5),
(82, 4, 3),
(82, 5, 9),
(83, 1, 2),
(83, 2, 8),
(83, 3, 6),
(83, 4, 1),
(83, 5, 4),
(84, 1, 6),
(84, 2, 4),
(84, 3, 0),
(84, 4, 5),
(84, 5, 3),
(85, 1, 5),
(85, 2, 1),
(85, 3, 2),
(85, 4, 1),
(85, 5, 1),
(86, 1, 7),
(86, 2, 9),
(86, 3, 4),
(86, 4, 5),
(86, 5, 7),
(87, 1, 3),
(87, 2, 9),
(87, 3, 0),
(87, 4, 2),
(87, 5, 10),
(88, 1, 2),
(88, 2, 0),
(88, 3, 5),
(88, 4, 2),
(88, 5, 2),
(89, 1, 7),
(89, 2, 1),
(89, 3, 5),
(89, 4, 0),
(89, 5, 6),
(90, 1, 8),
(90, 2, 4),
(90, 3, 0),
(90, 4, 1),
(90, 5, 8),
(91, 1, 6),
(91, 2, 6),
(91, 3, 5),
(91, 4, 4),
(91, 5, 5),
(92, 1, 10),
(92, 2, 6),
(92, 3, 4),
(92, 4, 8),
(92, 5, 10),
(93, 1, 6),
(93, 2, 9),
(93, 3, 7),
(93, 4, 10),
(93, 5, 2),
(94, 1, 1),
(94, 2, 4),
(94, 3, 6),
(94, 4, 10),
(94, 5, 6),
(95, 1, 10),
(95, 2, 8),
(95, 3, 5),
(95, 4, 0),
(95, 5, 4),
(96, 1, 0),
(96, 2, 6),
(96, 3, 3),
(96, 4, 8),
(96, 5, 7),
(97, 1, 1),
(97, 2, 10),
(97, 3, 5),
(97, 4, 8),
(97, 5, 10),
(98, 1, 4),
(98, 2, 8),
(98, 3, 3),
(98, 4, 10),
(98, 5, 8),
(99, 1, 6),
(99, 2, 9),
(99, 3, 1),
(99, 4, 7),
(99, 5, 2),
(100, 1, 9),
(100, 2, 9),
(100, 3, 5),
(100, 4, 3),
(100, 5, 9),
(101, 1, 6),
(101, 2, 2),
(101, 3, 1),
(101, 4, 7),
(101, 5, 10),
(102, 1, 4),
(102, 2, 6),
(102, 3, 6),
(102, 4, 1),
(102, 5, 0),
(103, 1, 8),
(103, 2, 2),
(103, 3, 1),
(103, 4, 1),
(103, 5, 2),
(104, 1, 2),
(104, 2, 5),
(104, 3, 3),
(104, 4, 4),
(104, 5, 6),
(105, 1, 3),
(105, 2, 4),
(105, 3, 7),
(105, 4, 1),
(105, 5, 5),
(106, 1, 4),
(106, 2, 10),
(106, 3, 8),
(106, 4, 7),
(106, 5, 10),
(107, 1, 6),
(107, 2, 7),
(107, 3, 10),
(107, 4, 8),
(107, 5, 8),
(108, 1, 0),
(108, 2, 9),
(108, 3, 10),
(108, 4, 9),
(108, 5, 1),
(109, 1, 10),
(109, 2, 5),
(109, 3, 6),
(109, 4, 10),
(109, 5, 4),
(110, 1, 4),
(110, 2, 9),
(110, 3, 5),
(110, 4, 4),
(110, 5, 3),
(111, 1, 8),
(111, 2, 5),
(111, 3, 10),
(111, 4, 4),
(111, 5, 7),
(112, 1, 9),
(112, 2, 3),
(112, 3, 8),
(112, 4, 8),
(112, 5, 4),
(113, 1, 8),
(113, 2, 1),
(113, 3, 1),
(113, 4, 9),
(113, 5, 1),
(114, 1, 7),
(114, 2, 0),
(114, 3, 2),
(114, 4, 8),
(114, 5, 10),
(115, 1, 5),
(115, 2, 6),
(115, 3, 0),
(115, 4, 8),
(115, 5, 10),
(116, 1, 9),
(116, 2, 3),
(116, 3, 9),
(116, 4, 8),
(116, 5, 4),
(117, 1, 10),
(117, 2, 10),
(117, 3, 3),
(117, 4, 10),
(117, 5, 9),
(118, 1, 8),
(118, 2, 7),
(118, 3, 9),
(118, 4, 0),
(118, 5, 3),
(119, 1, 8),
(119, 2, 4),
(119, 3, 5),
(119, 4, 2),
(119, 5, 5),
(120, 1, 3),
(120, 2, 10),
(120, 3, 1),
(120, 4, 1),
(120, 5, 3),
(121, 1, 6),
(121, 2, 3),
(121, 3, 6),
(121, 4, 0),
(121, 5, 0),
(122, 1, 6),
(122, 2, 4),
(122, 3, 7),
(122, 4, 7),
(122, 5, 7),
(123, 1, 9),
(123, 2, 7),
(123, 3, 0),
(123, 4, 0),
(123, 5, 6),
(124, 1, 3),
(124, 2, 0),
(124, 3, 2),
(124, 4, 4),
(124, 5, 7),
(125, 1, 3),
(125, 2, 4),
(125, 3, 8),
(125, 4, 7),
(125, 5, 1),
(126, 1, 7),
(126, 2, 0),
(126, 3, 7),
(126, 4, 4),
(126, 5, 2),
(127, 1, 3),
(127, 2, 7),
(127, 3, 8),
(127, 4, 6),
(127, 5, 3),
(128, 1, 6),
(128, 2, 4),
(128, 3, 9),
(128, 4, 9),
(128, 5, 10),
(129, 1, 10),
(129, 2, 8),
(129, 3, 3),
(129, 4, 2),
(129, 5, 7),
(130, 1, 10),
(130, 2, 5),
(130, 3, 7),
(130, 4, 6),
(130, 5, 10),
(131, 1, 10),
(131, 2, 3),
(131, 3, 0),
(131, 4, 8),
(131, 5, 0),
(132, 1, 10),
(132, 2, 7),
(132, 3, 6),
(132, 4, 1),
(132, 5, 7),
(133, 1, 2),
(133, 2, 5),
(133, 3, 8),
(133, 4, 3),
(133, 5, 7),
(134, 1, 1),
(134, 2, 8),
(134, 3, 7),
(134, 4, 4),
(134, 5, 9),
(135, 1, 1),
(135, 2, 8),
(135, 3, 4),
(135, 4, 2),
(135, 5, 2),
(136, 1, 7),
(136, 2, 0),
(136, 3, 7),
(136, 4, 4),
(136, 5, 10),
(137, 1, 2),
(137, 2, 5),
(137, 3, 9),
(137, 4, 10),
(137, 5, 8),
(138, 1, 10),
(138, 2, 2),
(138, 3, 2),
(138, 4, 2),
(138, 5, 9),
(139, 1, 6),
(139, 2, 1),
(139, 3, 8),
(139, 4, 8),
(139, 5, 6),
(140, 1, 0),
(140, 2, 3),
(140, 3, 9),
(140, 4, 8),
(140, 5, 7),
(141, 1, 9),
(141, 2, 3),
(141, 3, 10),
(141, 4, 6),
(141, 5, 9),
(142, 1, 8),
(142, 2, 0),
(142, 3, 1),
(142, 4, 1),
(142, 5, 3),
(143, 1, 9),
(143, 2, 4),
(143, 3, 2),
(143, 4, 8),
(143, 5, 5),
(144, 1, 1),
(144, 2, 9),
(144, 3, 10),
(144, 4, 7),
(144, 5, 1),
(145, 1, 2),
(145, 2, 7),
(145, 3, 2),
(145, 4, 0),
(145, 5, 3),
(146, 1, 7),
(146, 2, 10),
(146, 3, 0),
(146, 4, 0),
(146, 5, 3),
(147, 1, 10),
(147, 2, 3),
(147, 3, 6),
(147, 4, 4),
(147, 5, 5),
(148, 1, 9),
(148, 2, 8),
(148, 3, 8),
(148, 4, 9),
(148, 5, 5),
(149, 1, 2),
(149, 2, 1),
(149, 3, 0),
(149, 4, 1),
(149, 5, 3),
(150, 1, 5),
(150, 2, 6),
(150, 3, 6),
(150, 4, 3),
(150, 5, 4),
(151, 1, 1),
(151, 2, 5),
(151, 3, 10),
(151, 4, 8),
(151, 5, 5),
(152, 1, 8),
(152, 2, 5),
(152, 3, 2),
(152, 4, 2),
(152, 5, 0),
(153, 1, 8),
(153, 2, 1),
(153, 3, 7),
(153, 4, 8),
(153, 5, 1),
(154, 1, 3),
(154, 2, 7),
(154, 3, 8),
(154, 4, 0),
(154, 5, 3),
(155, 1, 0),
(155, 2, 1),
(155, 3, 3),
(155, 4, 9),
(155, 5, 10),
(156, 1, 10),
(156, 2, 7),
(156, 3, 9),
(156, 4, 0),
(156, 5, 3),
(157, 1, 8),
(157, 2, 4),
(157, 3, 2),
(157, 4, 7),
(157, 5, 9),
(158, 1, 6),
(158, 2, 3),
(158, 3, 7),
(158, 4, 5),
(158, 5, 9),
(159, 1, 10),
(159, 2, 3),
(159, 3, 7),
(159, 4, 9),
(159, 5, 2),
(160, 1, 0),
(160, 2, 6),
(160, 3, 3),
(160, 4, 0),
(160, 5, 7),
(161, 1, 7),
(161, 2, 2),
(161, 3, 1),
(161, 4, 6),
(161, 5, 3),
(162, 1, 5),
(162, 2, 0),
(162, 3, 5),
(162, 4, 7),
(162, 5, 8),
(163, 1, 6),
(163, 2, 2),
(163, 3, 1),
(163, 4, 2),
(163, 5, 4),
(164, 1, 2),
(164, 2, 4),
(164, 3, 9),
(164, 4, 2),
(164, 5, 6),
(165, 1, 5),
(165, 2, 2),
(165, 3, 6),
(165, 4, 7),
(165, 5, 4),
(166, 1, 10),
(166, 2, 5),
(166, 3, 4),
(166, 4, 4),
(166, 5, 4),
(167, 1, 5),
(167, 2, 9),
(167, 3, 4),
(167, 4, 1),
(167, 5, 6),
(168, 1, 3),
(168, 2, 7),
(168, 3, 9),
(168, 4, 2),
(168, 5, 10),
(169, 1, 4),
(169, 2, 2),
(169, 3, 8),
(169, 4, 2),
(169, 5, 1),
(170, 1, 3),
(170, 2, 6),
(170, 3, 6),
(170, 4, 0),
(170, 5, 2),
(171, 1, 6),
(171, 2, 5),
(171, 3, 7),
(171, 4, 4),
(171, 5, 2),
(172, 1, 6),
(172, 2, 7),
(172, 3, 0),
(172, 4, 1),
(172, 5, 9),
(173, 1, 3),
(173, 2, 10),
(173, 3, 7),
(173, 4, 1),
(173, 5, 6),
(174, 1, 2),
(174, 2, 10),
(174, 3, 6),
(174, 4, 9),
(174, 5, 8),
(175, 1, 2),
(175, 2, 3),
(175, 3, 5),
(175, 4, 1),
(175, 5, 8),
(176, 1, 5),
(176, 2, 0),
(176, 3, 4),
(176, 4, 2),
(176, 5, 0),
(177, 1, 7),
(177, 2, 3),
(177, 3, 8),
(177, 4, 9),
(177, 5, 10),
(178, 1, 6),
(178, 2, 1),
(178, 3, 0),
(178, 4, 5),
(178, 5, 6),
(179, 1, 5),
(179, 2, 4),
(179, 3, 10),
(179, 4, 0),
(179, 5, 3),
(180, 1, 4),
(180, 2, 3),
(180, 3, 8),
(180, 4, 2),
(180, 5, 1),
(181, 1, 7),
(181, 2, 5),
(181, 3, 2),
(181, 4, 1),
(181, 5, 1),
(182, 1, 7),
(182, 2, 10),
(182, 3, 8),
(182, 4, 9),
(182, 5, 7),
(183, 1, 6),
(183, 2, 2),
(183, 3, 5),
(183, 4, 4),
(183, 5, 5),
(184, 1, 4),
(184, 2, 4),
(184, 3, 10),
(184, 4, 4),
(184, 5, 7),
(185, 1, 3),
(185, 2, 6),
(185, 3, 0),
(185, 4, 3),
(185, 5, 5),
(186, 1, 4),
(186, 2, 2),
(186, 3, 1),
(186, 4, 9),
(186, 5, 4),
(187, 1, 0),
(187, 2, 6),
(187, 3, 6),
(187, 4, 0),
(187, 5, 3),
(188, 1, 6),
(188, 2, 2),
(188, 3, 0),
(188, 4, 2),
(188, 5, 5),
(189, 1, 9),
(189, 2, 7),
(189, 3, 0),
(189, 4, 9),
(189, 5, 4),
(190, 1, 2),
(190, 2, 1),
(190, 3, 2),
(190, 4, 9),
(190, 5, 8),
(191, 1, 6),
(191, 2, 8),
(191, 3, 0),
(191, 4, 6),
(191, 5, 7),
(192, 1, 0),
(192, 2, 3),
(192, 3, 6),
(192, 4, 0),
(192, 5, 0),
(193, 1, 4),
(193, 2, 7),
(193, 3, 2),
(193, 4, 4),
(193, 5, 8),
(194, 1, 1),
(194, 2, 7),
(194, 3, 10),
(194, 4, 5),
(194, 5, 6),
(195, 1, 7),
(195, 2, 7),
(195, 3, 4),
(195, 4, 5),
(195, 5, 1),
(196, 1, 2),
(196, 2, 6),
(196, 3, 7),
(196, 4, 8),
(196, 5, 7),
(197, 1, 9),
(197, 2, 9),
(197, 3, 2),
(197, 4, 8),
(197, 5, 1),
(198, 1, 1),
(198, 2, 9),
(198, 3, 5),
(198, 4, 8),
(198, 5, 0),
(199, 1, 0),
(199, 2, 4),
(199, 3, 10),
(199, 4, 10),
(199, 5, 4),
(200, 1, 4),
(200, 2, 5),
(200, 3, 7),
(200, 4, 8),
(200, 5, 7),
(201, 1, 7),
(201, 2, 4),
(201, 3, 4),
(201, 4, 10),
(201, 5, 7),
(202, 1, 8),
(202, 2, 7),
(202, 3, 6),
(202, 4, 10),
(202, 5, 3),
(203, 1, 1),
(203, 2, 2),
(203, 3, 8),
(203, 4, 7),
(203, 5, 5),
(204, 1, 0),
(204, 2, 9),
(204, 3, 5),
(204, 4, 3),
(204, 5, 8),
(205, 1, 7),
(205, 2, 7),
(205, 3, 8),
(205, 4, 9),
(205, 5, 6),
(206, 1, 3),
(206, 2, 4),
(206, 3, 3),
(206, 4, 2),
(206, 5, 5),
(207, 1, 2),
(207, 2, 10),
(207, 3, 5),
(207, 4, 5),
(207, 5, 7),
(208, 1, 8),
(208, 2, 9),
(208, 3, 10),
(208, 4, 10),
(208, 5, 6),
(209, 1, 10),
(209, 2, 0),
(209, 3, 3),
(209, 4, 4),
(209, 5, 2),
(210, 1, 10),
(210, 2, 3),
(210, 3, 7),
(210, 4, 8),
(210, 5, 4),
(211, 1, 4),
(211, 2, 2),
(211, 3, 0),
(211, 4, 9),
(211, 5, 4),
(212, 1, 0),
(212, 2, 1),
(212, 3, 7),
(212, 4, 0),
(212, 5, 2),
(213, 1, 4),
(213, 2, 3),
(213, 3, 4),
(213, 4, 4),
(213, 5, 1),
(214, 1, 2),
(214, 2, 6),
(214, 3, 1),
(214, 4, 4),
(214, 5, 5),
(215, 1, 9),
(215, 2, 0),
(215, 3, 7),
(215, 4, 9),
(215, 5, 1),
(216, 1, 2),
(216, 2, 6),
(216, 3, 5),
(216, 4, 9),
(216, 5, 6),
(217, 1, 6),
(217, 2, 1),
(217, 3, 9),
(217, 4, 10),
(217, 5, 2),
(218, 1, 7),
(218, 2, 2),
(218, 3, 0),
(218, 4, 9),
(218, 5, 8),
(219, 1, 5),
(219, 2, 1),
(219, 3, 4),
(219, 4, 6),
(219, 5, 10),
(220, 1, 10),
(220, 2, 4),
(220, 3, 2),
(220, 4, 4),
(220, 5, 0),
(221, 1, 9),
(221, 2, 3),
(221, 3, 0),
(221, 4, 9),
(221, 5, 2),
(222, 1, 2),
(222, 2, 4),
(222, 3, 0),
(222, 4, 10),
(222, 5, 4),
(223, 1, 10),
(223, 2, 7),
(223, 3, 7),
(223, 4, 2),
(223, 5, 10),
(224, 1, 4),
(224, 2, 7),
(224, 3, 5),
(224, 4, 10),
(224, 5, 1),
(225, 1, 3),
(225, 2, 6),
(225, 3, 4),
(225, 4, 3),
(225, 5, 5),
(226, 1, 10),
(226, 2, 8),
(226, 3, 8),
(226, 4, 2),
(226, 5, 10),
(227, 1, 0),
(227, 2, 10),
(227, 3, 2),
(227, 4, 10),
(227, 5, 4),
(228, 1, 0),
(228, 2, 2),
(228, 3, 5),
(228, 4, 6),
(228, 5, 6),
(229, 1, 2),
(229, 2, 2),
(229, 3, 4),
(229, 4, 5),
(229, 5, 6),
(230, 1, 6),
(230, 2, 7),
(230, 3, 5),
(230, 4, 6),
(230, 5, 8),
(231, 1, 8),
(231, 2, 9),
(231, 3, 6),
(231, 4, 6),
(231, 5, 0),
(232, 1, 2),
(232, 2, 10),
(232, 3, 0),
(232, 4, 1),
(232, 5, 5),
(233, 1, 3),
(233, 2, 2),
(233, 3, 1),
(233, 4, 3),
(233, 5, 5),
(234, 1, 6),
(234, 2, 2),
(234, 3, 8),
(234, 4, 5),
(234, 5, 3),
(235, 1, 6),
(235, 2, 3),
(235, 3, 9),
(235, 4, 6),
(235, 5, 1),
(236, 1, 9),
(236, 2, 9),
(236, 3, 1),
(236, 4, 0),
(236, 5, 4),
(237, 1, 8),
(237, 2, 1),
(237, 3, 2),
(237, 4, 4),
(237, 5, 8),
(238, 1, 2),
(238, 2, 6),
(238, 3, 7),
(238, 4, 7),
(238, 5, 4),
(239, 1, 10),
(239, 2, 2),
(239, 3, 5),
(239, 4, 5),
(239, 5, 2),
(240, 1, 4),
(240, 2, 2),
(240, 3, 6),
(240, 4, 6),
(240, 5, 2),
(241, 1, 3),
(241, 2, 10),
(241, 3, 6),
(241, 4, 2),
(241, 5, 8),
(242, 1, 0),
(242, 2, 3),
(242, 3, 0),
(242, 4, 10),
(242, 5, 2),
(243, 1, 4),
(243, 2, 0),
(243, 3, 1),
(243, 4, 10),
(243, 5, 9),
(244, 1, 3),
(244, 2, 6),
(244, 3, 1),
(244, 4, 3),
(244, 5, 7),
(245, 1, 6),
(245, 2, 0),
(245, 3, 2),
(245, 4, 2),
(245, 5, 9),
(246, 1, 3),
(246, 2, 2),
(246, 3, 3),
(246, 4, 4),
(246, 5, 1),
(247, 1, 8),
(247, 2, 3),
(247, 3, 0),
(247, 4, 7),
(247, 5, 1),
(248, 1, 5),
(248, 2, 5),
(248, 3, 9),
(248, 4, 7),
(248, 5, 9),
(249, 1, 0),
(249, 2, 9),
(249, 3, 7),
(249, 4, 2),
(249, 5, 2),
(250, 1, 10),
(250, 2, 4),
(250, 3, 0),
(250, 4, 5),
(250, 5, 10),
(251, 1, 2),
(251, 2, 6),
(251, 3, 5),
(251, 4, 0),
(251, 5, 5),
(252, 1, 7),
(252, 2, 9),
(252, 3, 6),
(252, 4, 0),
(252, 5, 2),
(253, 1, 6),
(253, 2, 9),
(253, 3, 0),
(253, 4, 3),
(253, 5, 7),
(254, 1, 3),
(254, 2, 0),
(254, 3, 9),
(254, 4, 8),
(254, 5, 10),
(255, 1, 2),
(255, 2, 7),
(255, 3, 10),
(255, 4, 2),
(255, 5, 8),
(256, 1, 3),
(256, 2, 0),
(256, 3, 7),
(256, 4, 5),
(256, 5, 1),
(257, 1, 4),
(257, 2, 10),
(257, 3, 4),
(257, 4, 9),
(257, 5, 3),
(258, 1, 10),
(258, 2, 8),
(258, 3, 10),
(258, 4, 8),
(258, 5, 7),
(259, 1, 1),
(259, 2, 10),
(259, 3, 3),
(259, 4, 10),
(259, 5, 2),
(260, 1, 6),
(260, 2, 7),
(260, 3, 0),
(260, 4, 2),
(260, 5, 10),
(261, 1, 10),
(261, 2, 1),
(261, 3, 10),
(261, 4, 5),
(261, 5, 6),
(262, 1, 2),
(262, 2, 9),
(262, 3, 4),
(262, 4, 7),
(262, 5, 3),
(263, 1, 5),
(263, 2, 0),
(263, 3, 3),
(263, 4, 5),
(263, 5, 5),
(264, 1, 7),
(264, 2, 2),
(264, 3, 6),
(264, 4, 4),
(264, 5, 3),
(265, 1, 5),
(265, 2, 9),
(265, 3, 4),
(265, 4, 3),
(265, 5, 5),
(266, 1, 5),
(266, 2, 3),
(266, 3, 10),
(266, 4, 10),
(266, 5, 0),
(267, 1, 8),
(267, 2, 5),
(267, 3, 0),
(267, 4, 0),
(267, 5, 6),
(268, 1, 5),
(268, 2, 1),
(268, 3, 4),
(268, 4, 9),
(268, 5, 10),
(269, 1, 6),
(269, 2, 7),
(269, 3, 4),
(269, 4, 5),
(269, 5, 1),
(270, 1, 10),
(270, 2, 9),
(270, 3, 5),
(270, 4, 2),
(270, 5, 1),
(271, 1, 10),
(271, 2, 7),
(271, 3, 2),
(271, 4, 9),
(271, 5, 4),
(272, 1, 5),
(272, 2, 0),
(272, 3, 9),
(272, 4, 5),
(272, 5, 7),
(273, 1, 2),
(273, 2, 9),
(273, 3, 1),
(273, 4, 1),
(273, 5, 4),
(274, 1, 2),
(274, 2, 4),
(274, 3, 2),
(274, 4, 9),
(274, 5, 9),
(275, 1, 4),
(275, 2, 9),
(275, 3, 9),
(275, 4, 2),
(275, 5, 1),
(276, 1, 5),
(276, 2, 5),
(276, 3, 9),
(276, 4, 9),
(276, 5, 10),
(277, 1, 0),
(277, 2, 7),
(277, 3, 5),
(277, 4, 10),
(277, 5, 10),
(278, 1, 4),
(278, 2, 8),
(278, 3, 8),
(278, 4, 3),
(278, 5, 3),
(279, 1, 8),
(279, 2, 0),
(279, 3, 4),
(279, 4, 5),
(279, 5, 0),
(280, 1, 7),
(280, 2, 6),
(280, 3, 9),
(280, 4, 7),
(280, 5, 6),
(281, 1, 1),
(281, 2, 5),
(281, 3, 9),
(281, 4, 7),
(281, 5, 2),
(282, 1, 2),
(282, 2, 3),
(282, 3, 6),
(282, 4, 7),
(282, 5, 4),
(283, 1, 10),
(283, 2, 5),
(283, 3, 5),
(283, 4, 6),
(283, 5, 6),
(284, 1, 5),
(284, 2, 6),
(284, 3, 2),
(284, 4, 9),
(284, 5, 4),
(285, 1, 0),
(285, 2, 5),
(285, 3, 9),
(285, 4, 10),
(285, 5, 5),
(286, 1, 1),
(286, 2, 10),
(286, 3, 2),
(286, 4, 8),
(286, 5, 6),
(287, 1, 10),
(287, 2, 4),
(287, 3, 10),
(287, 4, 3),
(287, 5, 5),
(288, 1, 9),
(288, 2, 10),
(288, 3, 2),
(288, 4, 9),
(288, 5, 6),
(289, 1, 6),
(289, 2, 10),
(289, 3, 7),
(289, 4, 6),
(289, 5, 4),
(290, 1, 7),
(290, 2, 7),
(290, 3, 2),
(290, 4, 6),
(290, 5, 3),
(291, 1, 9),
(291, 2, 8),
(291, 3, 8),
(291, 4, 7),
(291, 5, 1),
(292, 1, 9),
(292, 2, 6),
(292, 3, 2),
(292, 4, 10),
(292, 5, 6),
(293, 1, 9),
(293, 2, 2),
(293, 3, 6),
(293, 4, 2),
(293, 5, 8),
(294, 1, 1),
(294, 2, 8),
(294, 3, 0),
(294, 4, 5),
(294, 5, 6),
(295, 1, 7),
(295, 2, 7),
(295, 3, 2),
(295, 4, 2),
(295, 5, 9),
(296, 1, 1),
(296, 2, 6),
(296, 3, 9),
(296, 4, 9),
(296, 5, 10),
(297, 1, 3),
(297, 2, 1),
(297, 3, 8),
(297, 4, 9),
(297, 5, 7),
(298, 1, 4),
(298, 2, 8),
(298, 3, 9),
(298, 4, 9),
(298, 5, 3),
(299, 1, 7),
(299, 2, 5),
(299, 3, 2),
(299, 4, 10),
(299, 5, 0),
(300, 1, 8),
(300, 2, 2),
(300, 3, 5),
(300, 4, 3),
(300, 5, 4),
(301, 1, 6),
(301, 2, 2),
(301, 3, 1),
(301, 4, 10),
(301, 5, 7),
(302, 1, 1),
(302, 2, 8),
(302, 3, 0),
(302, 4, 2),
(302, 5, 6),
(303, 1, 0),
(303, 2, 4),
(303, 3, 0),
(303, 4, 0),
(303, 5, 2),
(304, 1, 10),
(304, 2, 3),
(304, 3, 9),
(304, 4, 6),
(304, 5, 0),
(305, 1, 6),
(305, 2, 6),
(305, 3, 7),
(305, 4, 9),
(305, 5, 6),
(306, 1, 7),
(306, 2, 8),
(306, 3, 5),
(306, 4, 0),
(306, 5, 8),
(307, 1, 1),
(307, 2, 0),
(307, 3, 7),
(307, 4, 3),
(307, 5, 2),
(308, 1, 4),
(308, 2, 1),
(308, 3, 9),
(308, 4, 8),
(308, 5, 10),
(309, 1, 1),
(309, 2, 3),
(309, 3, 3),
(309, 4, 5),
(309, 5, 3),
(310, 1, 5),
(310, 2, 1),
(310, 3, 5),
(310, 4, 7),
(310, 5, 1),
(311, 1, 9),
(311, 2, 1),
(311, 3, 5),
(311, 4, 0),
(311, 5, 1),
(312, 1, 9),
(312, 2, 6),
(312, 3, 9),
(312, 4, 10),
(312, 5, 1),
(313, 1, 4),
(313, 2, 6),
(313, 3, 3),
(313, 4, 5),
(313, 5, 10),
(314, 1, 5),
(314, 2, 9),
(314, 3, 2),
(314, 4, 3),
(314, 5, 7),
(315, 1, 4),
(315, 2, 2),
(315, 3, 7),
(315, 4, 6),
(315, 5, 1),
(316, 1, 8),
(316, 2, 9),
(316, 3, 1),
(316, 4, 8),
(316, 5, 10),
(317, 1, 6),
(317, 2, 5),
(317, 3, 7),
(317, 4, 7),
(317, 5, 2),
(318, 1, 2),
(318, 2, 3),
(318, 3, 0),
(318, 4, 2),
(318, 5, 8),
(319, 1, 3),
(319, 2, 4),
(319, 3, 1),
(319, 4, 4),
(319, 5, 1),
(320, 1, 2),
(320, 2, 9),
(320, 3, 0),
(320, 4, 0),
(320, 5, 6),
(321, 1, 10),
(321, 2, 5),
(321, 3, 4),
(321, 4, 10),
(321, 5, 9),
(322, 1, 9),
(322, 2, 4),
(322, 3, 4),
(322, 4, 10),
(322, 5, 10),
(323, 1, 3),
(323, 2, 1),
(323, 3, 1),
(323, 4, 0),
(323, 5, 2),
(324, 1, 2),
(324, 2, 5),
(324, 3, 9),
(324, 4, 4),
(324, 5, 5),
(325, 1, 9),
(325, 2, 1),
(325, 3, 5),
(325, 4, 9),
(325, 5, 10),
(326, 1, 3),
(326, 2, 5),
(326, 3, 7),
(326, 4, 10),
(326, 5, 7),
(327, 1, 1),
(327, 2, 1),
(327, 3, 8),
(327, 4, 6),
(327, 5, 2),
(328, 1, 8),
(328, 2, 7),
(328, 3, 0),
(328, 4, 3),
(328, 5, 4),
(329, 1, 4),
(329, 2, 10),
(329, 3, 4),
(329, 4, 5),
(329, 5, 5),
(330, 1, 9),
(330, 2, 9),
(330, 3, 8),
(330, 4, 8),
(330, 5, 5),
(331, 1, 0),
(331, 2, 6),
(331, 3, 3),
(331, 4, 10),
(331, 5, 4),
(332, 1, 10),
(332, 2, 8),
(332, 3, 0),
(332, 4, 5),
(332, 5, 7),
(333, 1, 3),
(333, 2, 7),
(333, 3, 2),
(333, 4, 9),
(333, 5, 6),
(334, 1, 8),
(334, 2, 10),
(334, 3, 6),
(334, 4, 4),
(334, 5, 9),
(335, 1, 3),
(335, 2, 9),
(335, 3, 9),
(335, 4, 8),
(335, 5, 2),
(336, 1, 4),
(336, 2, 6),
(336, 3, 5),
(336, 4, 2),
(336, 5, 6),
(337, 1, 3),
(337, 2, 1),
(337, 3, 1),
(337, 4, 8),
(337, 5, 2),
(338, 1, 2),
(338, 2, 0),
(338, 3, 1),
(338, 4, 4),
(338, 5, 4),
(339, 1, 6),
(339, 2, 1),
(339, 3, 10),
(339, 4, 2),
(339, 5, 10),
(340, 1, 1),
(340, 2, 8),
(340, 3, 8),
(340, 4, 9),
(340, 5, 6),
(341, 1, 6),
(341, 2, 9),
(341, 3, 4),
(341, 4, 5),
(341, 5, 8),
(342, 1, 6),
(342, 2, 10),
(342, 3, 10),
(342, 4, 10),
(342, 5, 6),
(343, 1, 6),
(343, 2, 8),
(343, 3, 3),
(343, 4, 7),
(343, 5, 4),
(344, 1, 1),
(344, 2, 4),
(344, 3, 3),
(344, 4, 10),
(344, 5, 1),
(345, 1, 6),
(345, 2, 8),
(345, 3, 10),
(345, 4, 10),
(345, 5, 0),
(346, 1, 2),
(346, 2, 6),
(346, 3, 2),
(346, 4, 4),
(346, 5, 6),
(347, 1, 1),
(347, 2, 7),
(347, 3, 10),
(347, 4, 5),
(347, 5, 8),
(348, 1, 10),
(348, 2, 2),
(348, 3, 3),
(348, 4, 0),
(348, 5, 2),
(349, 1, 3),
(349, 2, 9),
(349, 3, 9),
(349, 4, 4),
(349, 5, 8),
(350, 1, 10),
(350, 2, 6),
(350, 3, 1),
(350, 4, 10),
(350, 5, 1),
(351, 1, 5),
(351, 2, 4),
(351, 3, 0),
(351, 4, 4),
(351, 5, 5),
(352, 1, 5),
(352, 2, 10),
(352, 3, 9),
(352, 4, 8),
(352, 5, 5),
(353, 1, 9),
(353, 2, 0),
(353, 3, 6),
(353, 4, 4),
(353, 5, 9),
(354, 1, 5),
(354, 2, 5),
(354, 3, 8),
(354, 4, 4),
(354, 5, 5),
(355, 1, 3),
(355, 2, 5),
(355, 3, 5),
(355, 4, 6),
(355, 5, 5),
(356, 1, 4),
(356, 2, 9),
(356, 3, 10),
(356, 4, 4),
(356, 5, 6),
(357, 1, 5),
(357, 2, 5),
(357, 3, 5),
(357, 4, 7),
(357, 5, 9),
(358, 1, 9),
(358, 2, 6),
(358, 3, 0),
(358, 4, 4),
(358, 5, 9),
(359, 1, 3),
(359, 2, 10),
(359, 3, 7),
(359, 4, 9),
(359, 5, 4),
(360, 1, 3),
(360, 2, 9),
(360, 3, 5),
(360, 4, 1),
(360, 5, 3),
(361, 1, 3),
(361, 2, 9),
(361, 3, 0),
(361, 4, 7),
(361, 5, 6),
(362, 1, 7),
(362, 2, 6),
(362, 3, 8),
(362, 4, 0),
(362, 5, 7),
(363, 1, 4),
(363, 2, 8),
(363, 3, 9),
(363, 4, 5),
(363, 5, 3),
(364, 1, 6),
(364, 2, 6),
(364, 3, 5),
(364, 4, 3),
(364, 5, 9),
(365, 1, 6),
(365, 2, 7),
(365, 3, 0),
(365, 4, 6),
(365, 5, 1),
(366, 1, 6),
(366, 2, 6),
(366, 3, 1),
(366, 4, 4),
(366, 5, 4),
(367, 1, 8),
(367, 2, 2),
(367, 3, 9),
(367, 4, 5),
(367, 5, 4),
(368, 1, 6),
(368, 2, 0),
(368, 3, 1),
(368, 4, 6),
(368, 5, 2),
(369, 1, 0),
(369, 2, 6),
(369, 3, 0),
(369, 4, 7),
(369, 5, 6),
(370, 1, 0),
(370, 2, 2),
(370, 3, 9),
(370, 4, 10),
(370, 5, 9),
(371, 1, 1),
(371, 2, 0),
(371, 3, 8),
(371, 4, 4),
(371, 5, 7),
(372, 1, 10),
(372, 2, 2),
(372, 3, 7),
(372, 4, 9),
(372, 5, 4),
(373, 1, 5),
(373, 2, 3),
(373, 3, 3),
(373, 4, 9),
(373, 5, 9),
(374, 1, 1),
(374, 2, 3),
(374, 3, 2),
(374, 4, 0),
(374, 5, 5),
(375, 1, 0),
(375, 2, 5),
(375, 3, 6),
(375, 4, 0),
(375, 5, 0),
(376, 1, 8),
(376, 2, 6),
(376, 3, 4),
(376, 4, 0),
(376, 5, 6),
(377, 1, 0),
(377, 2, 0),
(377, 3, 6),
(377, 4, 4),
(377, 5, 1),
(378, 1, 9),
(378, 2, 9),
(378, 3, 5),
(378, 4, 6),
(378, 5, 8),
(379, 1, 1),
(379, 2, 1),
(379, 3, 1),
(379, 4, 3),
(379, 5, 10),
(380, 1, 1),
(380, 2, 4),
(380, 3, 1),
(380, 4, 7),
(380, 5, 7),
(381, 1, 3),
(381, 2, 8),
(381, 3, 0),
(381, 4, 2),
(381, 5, 7),
(382, 1, 2),
(382, 2, 4),
(382, 3, 7),
(382, 4, 5),
(382, 5, 3),
(383, 1, 0),
(383, 2, 7),
(383, 3, 7),
(383, 4, 1),
(383, 5, 9),
(384, 1, 8),
(384, 2, 9),
(384, 3, 0),
(384, 4, 8),
(384, 5, 1),
(385, 1, 7),
(385, 2, 5),
(385, 3, 7),
(385, 4, 7),
(385, 5, 0),
(386, 1, 9),
(386, 2, 5),
(386, 3, 8),
(386, 4, 2),
(386, 5, 8),
(387, 1, 1),
(387, 2, 5),
(387, 3, 1),
(387, 4, 10),
(387, 5, 5),
(388, 1, 0),
(388, 2, 6),
(388, 3, 6),
(388, 4, 8),
(388, 5, 8),
(389, 1, 3),
(389, 2, 9),
(389, 3, 6),
(389, 4, 5),
(389, 5, 4),
(390, 1, 2),
(390, 2, 7),
(390, 3, 1),
(390, 4, 1),
(390, 5, 3),
(391, 1, 0),
(391, 2, 7),
(391, 3, 7),
(391, 4, 2),
(391, 5, 9),
(392, 1, 5),
(392, 2, 5),
(392, 3, 3),
(392, 4, 7),
(392, 5, 0),
(393, 1, 7),
(393, 2, 3),
(393, 3, 2),
(393, 4, 0),
(393, 5, 6),
(394, 1, 0),
(394, 2, 5),
(394, 3, 5),
(394, 4, 8),
(394, 5, 1),
(395, 1, 9),
(395, 2, 10),
(395, 3, 5),
(395, 4, 5),
(395, 5, 9),
(396, 1, 10),
(396, 2, 7),
(396, 3, 10),
(396, 4, 9),
(396, 5, 10),
(397, 1, 1),
(397, 2, 10),
(397, 3, 9),
(397, 4, 6),
(397, 5, 4),
(398, 1, 6),
(398, 2, 9),
(398, 3, 7),
(398, 4, 7),
(398, 5, 4),
(399, 1, 7),
(399, 2, 0),
(399, 3, 0),
(399, 4, 5),
(399, 5, 10),
(400, 1, 9),
(400, 2, 1),
(400, 3, 5),
(400, 4, 0),
(400, 5, 5),
(401, 1, 4),
(401, 2, 6),
(401, 3, 5),
(401, 4, 6),
(401, 5, 3),
(402, 1, 9),
(402, 2, 7),
(402, 3, 5),
(402, 4, 1),
(402, 5, 0),
(403, 1, 6),
(403, 2, 5),
(403, 3, 5),
(403, 4, 6),
(403, 5, 3),
(404, 1, 1),
(404, 2, 6),
(404, 3, 1),
(404, 4, 4),
(404, 5, 8),
(405, 1, 10),
(405, 2, 7),
(405, 3, 4),
(405, 4, 5),
(405, 5, 6),
(406, 1, 4),
(406, 2, 10),
(406, 3, 5),
(406, 4, 4),
(406, 5, 8),
(407, 1, 6),
(407, 2, 8),
(407, 3, 9),
(407, 4, 4),
(407, 5, 9),
(408, 1, 6),
(408, 2, 1),
(408, 3, 5),
(408, 4, 9),
(408, 5, 4),
(409, 1, 1),
(409, 2, 9),
(409, 3, 4),
(409, 4, 1),
(409, 5, 9),
(410, 1, 6),
(410, 2, 2),
(410, 3, 0),
(410, 4, 0),
(410, 5, 7),
(411, 1, 7),
(411, 2, 8),
(411, 3, 10),
(411, 4, 8),
(411, 5, 6),
(412, 1, 1),
(412, 2, 7),
(412, 3, 8),
(412, 4, 0),
(412, 5, 9);

-- --------------------------------------------------------

--
-- Tábla szerkezet ehhez a táblához `run_weapon`
--

CREATE TABLE `run_weapon` (
  `run_id` int(11) NOT NULL,
  `weapon_id` int(11) NOT NULL,
  `picked` int(11) NOT NULL,
  `seen` int(11) NOT NULL
) ENGINE=InnoDB DEFAULT CHARSET=utf8;

--
-- A tábla adatainak kiíratása `run_weapon`
--

INSERT INTO `run_weapon` (`run_id`, `weapon_id`, `picked`, `seen`) VALUES
(1, 1, 4, 3),
(1, 2, 4, 5),
(1, 3, 1, 4),
(1, 4, 2, 3),
(1, 5, 3, 5),
(1, 5, 1, 5),
(1, 5, 2, 4),
(1, 5, 3, 5),
(1, 5, 1, 5),
(2, 1, 3, 4),
(2, 2, 3, 2),
(2, 3, 1, 3),
(2, 4, 2, 4),
(2, 5, 2, 5),
(2, 5, 1, 2),
(2, 5, 3, 4),
(2, 5, 2, 1),
(2, 5, 4, 3),
(3, 1, 4, 1),
(3, 2, 4, 5),
(3, 3, 5, 5),
(3, 4, 3, 3),
(3, 5, 1, 3),
(3, 5, 3, 4),
(3, 5, 2, 3),
(3, 5, 5, 5),
(3, 5, 5, 2),
(4, 1, 2, 1),
(4, 2, 2, 1),
(4, 3, 1, 5),
(4, 4, 4, 3),
(4, 5, 5, 5),
(4, 5, 2, 4),
(4, 5, 1, 3),
(4, 5, 1, 3),
(4, 5, 4, 2),
(5, 1, 4, 2),
(5, 2, 1, 3),
(5, 3, 2, 5),
(5, 4, 3, 1),
(5, 5, 4, 4),
(5, 5, 2, 2),
(5, 5, 3, 4),
(5, 5, 5, 3),
(5, 5, 4, 3),
(6, 1, 3, 1),
(6, 2, 2, 2),
(6, 3, 1, 2),
(6, 4, 1, 4),
(6, 5, 5, 5),
(6, 5, 3, 2),
(6, 5, 5, 5),
(6, 5, 5, 5),
(6, 5, 1, 3),
(7, 1, 1, 5),
(7, 2, 4, 5),
(7, 3, 4, 2),
(7, 4, 5, 4),
(7, 5, 2, 5),
(7, 5, 3, 2),
(7, 5, 4, 5),
(7, 5, 5, 1),
(7, 5, 3, 5),
(8, 1, 1, 2),
(8, 2, 2, 4),
(8, 3, 4, 4),
(8, 4, 1, 2),
(8, 5, 3, 5),
(8, 5, 4, 1),
(8, 5, 5, 3),
(8, 5, 2, 3),
(8, 5, 2, 5),
(9, 1, 3, 5),
(9, 2, 3, 2),
(9, 3, 2, 5),
(9, 4, 4, 5),
(9, 5, 4, 3),
(9, 5, 1, 2),
(9, 5, 3, 5),
(9, 5, 3, 2),
(9, 5, 4, 5),
(10, 1, 5, 1),
(10, 2, 3, 1),
(10, 3, 4, 3),
(10, 4, 2, 5),
(10, 5, 5, 2),
(10, 5, 5, 3),
(10, 5, 5, 3),
(10, 5, 3, 5),
(10, 5, 3, 3),
(11, 1, 2, 4),
(11, 2, 1, 4),
(11, 3, 1, 4),
(11, 4, 4, 2),
(11, 5, 1, 2),
(11, 5, 3, 1),
(11, 5, 4, 4),
(11, 5, 5, 1),
(11, 5, 4, 2),
(12, 1, 4, 4),
(12, 2, 5, 3),
(12, 3, 3, 3),
(12, 4, 3, 3),
(12, 5, 5, 5),
(12, 5, 5, 1),
(12, 5, 4, 3),
(12, 5, 4, 2),
(12, 5, 5, 5),
(13, 1, 5, 4),
(13, 2, 2, 2),
(13, 3, 3, 1),
(13, 4, 3, 4),
(13, 5, 2, 1),
(13, 5, 2, 4),
(13, 5, 5, 2),
(13, 5, 3, 2),
(13, 5, 5, 5),
(14, 1, 3, 1),
(14, 2, 5, 4),
(14, 3, 1, 2),
(14, 4, 5, 1),
(14, 5, 3, 1),
(14, 5, 2, 3),
(14, 5, 5, 1),
(14, 5, 4, 3),
(14, 5, 5, 1),
(15, 1, 4, 3),
(15, 2, 4, 1),
(15, 3, 4, 2),
(15, 4, 1, 4),
(15, 5, 4, 2),
(15, 5, 3, 5),
(15, 5, 1, 1),
(15, 5, 1, 2),
(15, 5, 3, 2),
(16, 1, 4, 2),
(16, 2, 1, 4),
(16, 3, 3, 4),
(16, 4, 3, 1),
(16, 5, 3, 4),
(16, 5, 2, 2),
(16, 5, 1, 2),
(16, 5, 5, 1),
(16, 5, 2, 2),
(17, 1, 1, 5),
(17, 2, 1, 1),
(17, 3, 2, 3),
(17, 4, 2, 1),
(17, 5, 4, 2),
(17, 5, 1, 4),
(17, 5, 1, 3),
(17, 5, 3, 4),
(17, 5, 4, 2),
(18, 1, 1, 2),
(18, 2, 5, 2),
(18, 3, 1, 3),
(18, 4, 4, 3),
(18, 5, 3, 1),
(18, 5, 2, 2),
(18, 5, 3, 4),
(18, 5, 4, 2),
(18, 5, 5, 2),
(19, 1, 2, 1),
(19, 2, 5, 3),
(19, 3, 4, 3),
(19, 4, 3, 5),
(19, 5, 5, 2),
(19, 5, 5, 4),
(19, 5, 4, 3),
(19, 5, 1, 5),
(19, 5, 4, 3),
(20, 1, 1, 1),
(20, 2, 1, 1),
(20, 3, 4, 2),
(20, 4, 2, 4),
(20, 5, 4, 5),
(20, 5, 2, 2),
(20, 5, 4, 3),
(20, 5, 2, 3),
(20, 5, 1, 1),
(21, 1, 2, 2),
(21, 2, 4, 2),
(21, 3, 1, 3),
(21, 4, 5, 2),
(21, 5, 3, 2),
(21, 5, 1, 5),
(21, 5, 3, 5),
(21, 5, 4, 5),
(21, 5, 4, 2),
(22, 1, 3, 3),
(22, 2, 1, 4),
(22, 3, 1, 4),
(22, 4, 1, 3),
(22, 5, 5, 4),
(22, 5, 2, 4),
(22, 5, 3, 4),
(22, 5, 2, 4),
(22, 5, 2, 1),
(23, 1, 1, 5),
(23, 2, 1, 3),
(23, 3, 4, 2),
(23, 4, 3, 4),
(23, 5, 5, 1),
(23, 5, 5, 1),
(23, 5, 5, 5),
(23, 5, 3, 4),
(23, 5, 5, 1),
(24, 1, 3, 2),
(24, 2, 3, 5),
(24, 3, 5, 4),
(24, 4, 4, 5),
(24, 5, 3, 1),
(24, 5, 3, 5),
(24, 5, 1, 3),
(24, 5, 3, 2),
(24, 5, 1, 5),
(25, 1, 5, 1),
(25, 2, 3, 5),
(25, 3, 2, 1),
(25, 4, 4, 1),
(25, 5, 5, 1),
(25, 5, 5, 2),
(25, 5, 4, 4),
(25, 5, 1, 5),
(25, 5, 5, 2),
(26, 1, 4, 2),
(26, 2, 5, 2),
(26, 3, 4, 2),
(26, 4, 4, 1),
(26, 5, 3, 5),
(26, 5, 1, 2),
(26, 5, 2, 3),
(26, 5, 5, 4),
(26, 5, 2, 1),
(27, 1, 3, 4),
(27, 2, 3, 5),
(27, 3, 3, 3),
(27, 4, 3, 5),
(27, 5, 1, 2),
(27, 5, 4, 2),
(27, 5, 2, 5),
(27, 5, 2, 1),
(27, 5, 4, 3),
(28, 1, 3, 2),
(28, 2, 4, 2),
(28, 3, 4, 5),
(28, 4, 5, 2),
(28, 5, 4, 3),
(28, 5, 2, 5),
(28, 5, 2, 5),
(28, 5, 5, 5),
(28, 5, 4, 4),
(29, 1, 3, 2),
(29, 2, 3, 3),
(29, 3, 3, 1),
(29, 4, 5, 4),
(29, 5, 5, 2),
(29, 5, 1, 3),
(29, 5, 3, 4),
(29, 5, 5, 4),
(29, 5, 2, 3),
(30, 1, 5, 4),
(30, 2, 4, 4),
(30, 3, 1, 1),
(30, 4, 4, 3),
(30, 5, 1, 2),
(30, 5, 2, 2),
(30, 5, 2, 3),
(30, 5, 3, 4),
(30, 5, 3, 2),
(31, 1, 1, 1),
(31, 2, 1, 1),
(31, 3, 2, 1),
(31, 4, 2, 4),
(31, 5, 5, 4),
(31, 5, 1, 3),
(31, 5, 4, 5),
(31, 5, 3, 1),
(31, 5, 1, 2),
(32, 1, 5, 4),
(32, 2, 2, 2),
(32, 3, 1, 3),
(32, 4, 4, 1),
(32, 5, 2, 3),
(32, 5, 5, 4),
(32, 5, 1, 4),
(32, 5, 4, 3),
(32, 5, 5, 2),
(33, 1, 2, 3),
(33, 2, 4, 5),
(33, 3, 5, 2),
(33, 4, 3, 5),
(33, 5, 5, 3),
(33, 5, 2, 5),
(33, 5, 3, 2),
(33, 5, 5, 1),
(33, 5, 2, 2),
(34, 1, 1, 4),
(34, 2, 5, 1),
(34, 3, 5, 2),
(34, 4, 1, 3),
(34, 5, 3, 4),
(34, 5, 5, 3),
(34, 5, 3, 3),
(34, 5, 2, 3),
(34, 5, 5, 4),
(35, 1, 3, 1),
(35, 2, 4, 1),
(35, 3, 5, 2),
(35, 4, 3, 2),
(35, 5, 5, 2),
(35, 5, 3, 2),
(35, 5, 4, 4),
(35, 5, 5, 1),
(35, 5, 5, 5),
(36, 1, 2, 1),
(36, 2, 3, 5),
(36, 3, 2, 1),
(36, 4, 4, 1),
(36, 5, 5, 1),
(36, 5, 3, 4),
(36, 5, 2, 4),
(36, 5, 3, 5),
(36, 5, 2, 4),
(37, 1, 2, 3),
(37, 2, 2, 5),
(37, 3, 2, 1),
(37, 4, 2, 5),
(37, 5, 1, 5),
(37, 5, 4, 3),
(37, 5, 2, 1),
(37, 5, 5, 4),
(37, 5, 3, 2),
(38, 1, 2, 2),
(38, 2, 5, 4),
(38, 3, 2, 4),
(38, 4, 2, 2),
(38, 5, 4, 1),
(38, 5, 4, 1),
(38, 5, 3, 1),
(38, 5, 2, 1),
(38, 5, 3, 3),
(39, 1, 4, 4),
(39, 2, 4, 3),
(39, 3, 3, 1),
(39, 4, 2, 3),
(39, 5, 5, 4),
(39, 5, 2, 2),
(39, 5, 3, 1),
(39, 5, 2, 3),
(39, 5, 5, 3),
(40, 1, 3, 3),
(40, 2, 1, 3),
(40, 3, 5, 4),
(40, 4, 3, 4),
(40, 5, 5, 5),
(40, 5, 3, 5),
(40, 5, 4, 5),
(40, 5, 3, 1),
(40, 5, 3, 3),
(41, 1, 2, 2),
(41, 2, 1, 3),
(41, 3, 5, 3),
(41, 4, 3, 5),
(41, 5, 4, 1),
(41, 5, 2, 4),
(41, 5, 1, 5),
(41, 5, 1, 2),
(41, 5, 4, 2),
(42, 1, 3, 4),
(42, 2, 4, 2),
(42, 3, 4, 2),
(42, 4, 4, 2),
(42, 5, 4, 1),
(42, 5, 2, 3),
(42, 5, 4, 4),
(42, 5, 3, 4),
(42, 5, 4, 5),
(43, 1, 3, 2),
(43, 2, 4, 3),
(43, 3, 2, 4),
(43, 4, 3, 5),
(43, 5, 1, 3),
(43, 5, 3, 4),
(43, 5, 5, 3),
(43, 5, 3, 1),
(43, 5, 5, 1),
(44, 1, 1, 1),
(44, 2, 3, 1),
(44, 3, 1, 5),
(44, 4, 3, 1),
(44, 5, 2, 3),
(44, 5, 5, 1),
(44, 5, 3, 2),
(44, 5, 2, 2),
(44, 5, 1, 1),
(45, 1, 4, 2),
(45, 2, 2, 5),
(45, 3, 3, 2),
(45, 4, 5, 1),
(45, 5, 5, 5),
(45, 5, 1, 4),
(45, 5, 3, 5),
(45, 5, 5, 2),
(45, 5, 2, 5),
(46, 1, 4, 1),
(46, 2, 5, 1),
(46, 3, 3, 5),
(46, 4, 2, 3),
(46, 5, 1, 4),
(46, 5, 3, 3),
(46, 5, 2, 1),
(46, 5, 2, 4),
(46, 5, 4, 4),
(47, 1, 3, 2),
(47, 2, 5, 5),
(47, 3, 4, 1),
(47, 4, 3, 1),
(47, 5, 4, 5),
(47, 5, 4, 5),
(47, 5, 5, 2),
(47, 5, 3, 1),
(47, 5, 3, 2),
(48, 1, 3, 1),
(48, 2, 2, 1),
(48, 3, 2, 2),
(48, 4, 2, 3),
(48, 5, 5, 3),
(48, 5, 2, 1),
(48, 5, 1, 3),
(48, 5, 1, 1),
(48, 5, 1, 2),
(49, 1, 2, 4),
(49, 2, 4, 3),
(49, 3, 3, 3),
(49, 4, 1, 3),
(49, 5, 4, 5),
(49, 5, 2, 4),
(49, 5, 5, 3),
(49, 5, 5, 2),
(49, 5, 1, 4),
(50, 1, 5, 1),
(50, 2, 5, 4),
(50, 3, 5, 4),
(50, 4, 3, 5),
(50, 5, 5, 4),
(50, 5, 3, 5),
(50, 5, 1, 1),
(50, 5, 4, 2),
(50, 5, 1, 4),
(51, 1, 2, 3),
(51, 2, 4, 1),
(51, 3, 1, 1),
(51, 4, 4, 2),
(51, 5, 5, 3),
(51, 5, 4, 4),
(51, 5, 1, 1),
(51, 5, 3, 5),
(51, 5, 1, 4),
(52, 1, 2, 5),
(52, 2, 1, 1),
(52, 3, 1, 4),
(52, 4, 4, 4),
(52, 5, 5, 4),
(52, 5, 1, 5),
(52, 5, 1, 3),
(52, 5, 5, 1),
(52, 5, 2, 4),
(53, 1, 2, 4),
(53, 2, 4, 1),
(53, 3, 3, 5),
(53, 4, 1, 2),
(53, 5, 2, 5),
(53, 5, 2, 3),
(53, 5, 4, 2),
(53, 5, 2, 1),
(53, 5, 2, 5),
(54, 1, 2, 3),
(54, 2, 4, 4),
(54, 3, 5, 1),
(54, 4, 1, 4),
(54, 5, 4, 5),
(54, 5, 2, 2),
(54, 5, 1, 4),
(54, 5, 2, 2),
(54, 5, 4, 5),
(55, 1, 3, 3),
(55, 2, 4, 3),
(55, 3, 4, 1),
(55, 4, 5, 2),
(55, 5, 2, 1),
(55, 5, 5, 4),
(55, 5, 4, 3),
(55, 5, 2, 2),
(55, 5, 4, 3),
(56, 1, 2, 2),
(56, 2, 4, 1),
(56, 3, 2, 3),
(56, 4, 1, 4),
(56, 5, 1, 2),
(56, 5, 5, 4),
(56, 5, 1, 3),
(56, 5, 1, 4),
(56, 5, 3, 1),
(57, 1, 5, 3),
(57, 2, 3, 3),
(57, 3, 2, 1),
(57, 4, 5, 4),
(57, 5, 3, 3),
(57, 5, 1, 4),
(57, 5, 4, 1),
(57, 5, 1, 4),
(57, 5, 4, 4),
(58, 1, 3, 1),
(58, 2, 4, 4),
(58, 3, 4, 5),
(58, 4, 1, 3),
(58, 5, 5, 3),
(58, 5, 5, 2),
(58, 5, 2, 3),
(58, 5, 4, 4),
(58, 5, 2, 2),
(59, 1, 3, 3),
(59, 2, 3, 1),
(59, 3, 1, 5),
(59, 4, 3, 3),
(59, 5, 3, 4),
(59, 5, 5, 1),
(59, 5, 4, 5),
(59, 5, 5, 4),
(59, 5, 1, 3),
(60, 1, 5, 5),
(60, 2, 2, 2),
(60, 3, 3, 2),
(60, 4, 4, 5),
(60, 5, 3, 5),
(60, 5, 1, 4),
(60, 5, 1, 4),
(60, 5, 5, 1),
(60, 5, 2, 2),
(61, 1, 1, 2),
(61, 2, 3, 5),
(61, 3, 4, 3),
(61, 4, 2, 1),
(61, 5, 5, 1),
(61, 5, 1, 5),
(61, 5, 4, 4),
(61, 5, 2, 3),
(61, 5, 4, 3),
(62, 1, 3, 3),
(62, 2, 3, 4),
(62, 3, 3, 5),
(62, 4, 3, 5),
(62, 5, 3, 3),
(62, 5, 5, 2),
(62, 5, 4, 4),
(62, 5, 2, 5),
(62, 5, 1, 2),
(63, 1, 4, 4),
(63, 2, 1, 4),
(63, 3, 2, 3),
(63, 4, 1, 1),
(63, 5, 1, 5),
(63, 5, 3, 4),
(63, 5, 3, 5),
(63, 5, 3, 1),
(63, 5, 1, 1),
(64, 1, 1, 1),
(64, 2, 5, 3),
(64, 3, 5, 4),
(64, 4, 2, 5),
(64, 5, 4, 5),
(64, 5, 5, 1),
(64, 5, 5, 4),
(64, 5, 3, 1),
(64, 5, 1, 1),
(65, 1, 4, 4),
(65, 2, 4, 3),
(65, 3, 3, 1),
(65, 4, 3, 4),
(65, 5, 3, 3),
(65, 5, 2, 1),
(65, 5, 1, 3),
(65, 5, 4, 4),
(65, 5, 1, 3),
(66, 1, 1, 3),
(66, 2, 4, 1),
(66, 3, 4, 1),
(66, 4, 1, 2),
(66, 5, 2, 5),
(66, 5, 5, 4),
(66, 5, 1, 4),
(66, 5, 5, 2),
(66, 5, 5, 3),
(67, 1, 1, 5),
(67, 2, 1, 3),
(67, 3, 1, 1),
(67, 4, 2, 3),
(67, 5, 5, 1),
(67, 5, 5, 5),
(67, 5, 1, 2),
(67, 5, 5, 1),
(67, 5, 3, 3),
(68, 1, 4, 1),
(68, 2, 1, 1),
(68, 3, 3, 5),
(68, 4, 3, 5),
(68, 5, 2, 4),
(68, 5, 3, 4),
(68, 5, 5, 4),
(68, 5, 5, 3),
(68, 5, 5, 4),
(69, 1, 3, 4),
(69, 2, 4, 5),
(69, 3, 4, 5),
(69, 4, 3, 1),
(69, 5, 3, 2),
(69, 5, 2, 2),
(69, 5, 3, 3),
(69, 5, 4, 1),
(69, 5, 4, 4),
(70, 1, 2, 5),
(70, 2, 2, 1),
(70, 3, 4, 1),
(70, 4, 5, 1),
(70, 5, 1, 5),
(70, 5, 1, 2),
(70, 5, 5, 3),
(70, 5, 2, 1),
(70, 5, 4, 1),
(71, 1, 5, 3),
(71, 2, 5, 1),
(71, 3, 1, 3),
(71, 4, 4, 4),
(71, 5, 3, 5),
(71, 5, 4, 3),
(71, 5, 1, 4),
(71, 5, 3, 4),
(71, 5, 3, 5),
(72, 1, 1, 1),
(72, 2, 1, 1),
(72, 3, 4, 5),
(72, 4, 1, 2),
(72, 5, 4, 3),
(72, 5, 3, 3),
(72, 5, 4, 3),
(72, 5, 2, 3),
(72, 5, 4, 4),
(73, 1, 3, 1),
(73, 2, 2, 2),
(73, 3, 2, 4),
(73, 4, 1, 1),
(73, 5, 5, 1),
(73, 5, 4, 3),
(73, 5, 4, 1),
(73, 5, 5, 1),
(73, 5, 1, 4),
(74, 1, 3, 5),
(74, 2, 2, 4),
(74, 3, 1, 2),
(74, 4, 4, 1),
(74, 5, 5, 1),
(74, 5, 5, 2),
(74, 5, 3, 3),
(74, 5, 5, 3),
(74, 5, 4, 2),
(75, 1, 2, 1),
(75, 2, 4, 2),
(75, 3, 3, 4),
(75, 4, 3, 2),
(75, 5, 1, 1),
(75, 5, 3, 3),
(75, 5, 1, 2),
(75, 5, 3, 1),
(75, 5, 3, 3),
(76, 1, 2, 2),
(76, 2, 1, 1),
(76, 3, 4, 2),
(76, 4, 2, 4),
(76, 5, 4, 1),
(76, 5, 5, 3),
(76, 5, 3, 3),
(76, 5, 3, 2),
(76, 5, 3, 3),
(77, 1, 5, 1),
(77, 2, 1, 3),
(77, 3, 5, 3),
(77, 4, 2, 1),
(77, 5, 1, 5),
(77, 5, 3, 3),
(77, 5, 3, 4),
(77, 5, 1, 4),
(77, 5, 5, 1),
(78, 1, 2, 1),
(78, 2, 3, 4),
(78, 3, 4, 5),
(78, 4, 1, 3),
(78, 5, 5, 1),
(78, 5, 2, 1),
(78, 5, 2, 5),
(78, 5, 1, 2),
(78, 5, 4, 3),
(79, 1, 1, 5),
(79, 2, 1, 2),
(79, 3, 2, 1),
(79, 4, 4, 4),
(79, 5, 1, 1),
(79, 5, 3, 3),
(79, 5, 2, 4),
(79, 5, 3, 1),
(79, 5, 2, 3),
(80, 1, 1, 4),
(80, 2, 1, 5),
(80, 3, 5, 4),
(80, 4, 4, 1),
(80, 5, 4, 2),
(80, 5, 5, 2),
(80, 5, 3, 2),
(80, 5, 5, 2),
(80, 5, 3, 4),
(81, 1, 1, 3),
(81, 2, 1, 3),
(81, 3, 4, 2),
(81, 4, 2, 2),
(81, 5, 2, 2),
(81, 5, 3, 2),
(81, 5, 3, 5),
(81, 5, 2, 5),
(81, 5, 3, 2),
(82, 1, 3, 2),
(82, 2, 4, 4),
(82, 3, 5, 4),
(82, 4, 1, 1),
(82, 5, 4, 3),
(82, 5, 3, 2),
(82, 5, 3, 2),
(82, 5, 4, 4),
(82, 5, 4, 2),
(83, 1, 2, 5),
(83, 2, 1, 3),
(83, 3, 5, 1),
(83, 4, 3, 5),
(83, 5, 1, 2),
(83, 5, 1, 5),
(83, 5, 1, 2),
(83, 5, 4, 2),
(83, 5, 4, 2),
(84, 1, 5, 4),
(84, 2, 3, 2),
(84, 3, 4, 2),
(84, 4, 3, 1),
(84, 5, 5, 4),
(84, 5, 3, 5),
(84, 5, 4, 2),
(84, 5, 5, 5),
(84, 5, 2, 1),
(85, 1, 5, 2),
(85, 2, 3, 2),
(85, 3, 3, 4),
(85, 4, 3, 4),
(85, 5, 1, 1),
(85, 5, 1, 4),
(85, 5, 2, 4),
(85, 5, 2, 2),
(85, 5, 4, 5),
(86, 1, 3, 5),
(86, 2, 1, 4),
(86, 3, 3, 1),
(86, 4, 2, 3),
(86, 5, 3, 3),
(86, 5, 2, 4),
(86, 5, 4, 3),
(86, 5, 1, 3),
(86, 5, 4, 4),
(87, 1, 4, 3),
(87, 2, 5, 5),
(87, 3, 5, 3),
(87, 4, 5, 1),
(87, 5, 2, 3),
(87, 5, 5, 3),
(87, 5, 1, 4),
(87, 5, 5, 5),
(87, 5, 2, 5),
(88, 1, 3, 3),
(88, 2, 1, 1),
(88, 3, 3, 4),
(88, 4, 3, 1),
(88, 5, 2, 2),
(88, 5, 4, 4),
(88, 5, 1, 5),
(88, 5, 3, 4),
(88, 5, 4, 2),
(89, 1, 5, 4),
(89, 2, 5, 3),
(89, 3, 2, 2),
(89, 4, 5, 1),
(89, 5, 3, 5),
(89, 5, 5, 1),
(89, 5, 2, 2),
(89, 5, 4, 1),
(89, 5, 4, 3),
(90, 1, 2, 3),
(90, 2, 2, 4),
(90, 3, 3, 1),
(90, 4, 5, 2),
(90, 5, 5, 5),
(90, 5, 5, 5),
(90, 5, 5, 3),
(90, 5, 5, 1),
(90, 5, 5, 4),
(91, 1, 4, 1),
(91, 2, 1, 1),
(91, 3, 3, 3),
(91, 4, 1, 1),
(91, 5, 2, 2),
(91, 5, 4, 2),
(91, 5, 2, 2),
(91, 5, 5, 2),
(91, 5, 2, 4),
(92, 1, 1, 5),
(92, 2, 1, 5),
(92, 3, 4, 3),
(92, 4, 1, 2),
(92, 5, 3, 2),
(92, 5, 5, 5),
(92, 5, 1, 1),
(92, 5, 2, 4),
(92, 5, 5, 1),
(93, 1, 2, 3),
(93, 2, 4, 5),
(93, 3, 4, 4),
(93, 4, 3, 1),
(93, 5, 3, 2),
(93, 5, 5, 5),
(93, 5, 3, 5),
(93, 5, 4, 2),
(93, 5, 4, 5),
(94, 1, 2, 4),
(94, 2, 3, 2),
(94, 3, 4, 4),
(94, 4, 4, 2),
(94, 5, 3, 2),
(94, 5, 4, 3),
(94, 5, 4, 5),
(94, 5, 5, 4),
(94, 5, 1, 2),
(95, 1, 3, 4),
(95, 2, 5, 5),
(95, 3, 4, 5),
(95, 4, 3, 5),
(95, 5, 4, 3),
(95, 5, 4, 3),
(95, 5, 3, 4),
(95, 5, 4, 5),
(95, 5, 3, 1),
(96, 1, 2, 1),
(96, 2, 2, 3),
(96, 3, 1, 5),
(96, 4, 1, 2),
(96, 5, 2, 1),
(96, 5, 3, 3),
(96, 5, 2, 5),
(96, 5, 3, 5),
(96, 5, 3, 2),
(97, 1, 2, 2),
(97, 2, 1, 4),
(97, 3, 2, 1),
(97, 4, 3, 5),
(97, 5, 3, 3),
(97, 5, 2, 5),
(97, 5, 4, 4),
(97, 5, 5, 3),
(97, 5, 1, 4),
(98, 1, 4, 2),
(98, 2, 2, 4),
(98, 3, 2, 5),
(98, 4, 1, 1),
(98, 5, 2, 1),
(98, 5, 4, 1),
(98, 5, 2, 3),
(98, 5, 2, 4),
(98, 5, 4, 3),
(99, 1, 3, 4),
(99, 2, 2, 2),
(99, 3, 1, 5),
(99, 4, 1, 2),
(99, 5, 4, 4),
(99, 5, 1, 4),
(99, 5, 4, 5),
(99, 5, 3, 3),
(99, 5, 5, 2),
(100, 1, 4, 5),
(100, 2, 1, 5),
(100, 3, 2, 3),
(100, 4, 1, 2),
(100, 5, 1, 4),
(100, 5, 1, 2),
(100, 5, 1, 1),
(100, 5, 3, 2),
(100, 5, 3, 1),
(101, 1, 5, 4),
(101, 2, 1, 4),
(101, 3, 1, 3),
(101, 4, 5, 4),
(101, 5, 3, 4),
(101, 5, 2, 3),
(101, 5, 2, 3),
(101, 5, 5, 3),
(101, 5, 1, 2),
(102, 1, 1, 5),
(102, 2, 5, 4),
(102, 3, 2, 2),
(102, 4, 4, 1),
(102, 5, 4, 4),
(102, 5, 5, 3),
(102, 5, 2, 1),
(102, 5, 1, 4),
(102, 5, 2, 5),
(103, 1, 1, 2),
(103, 2, 3, 3),
(103, 3, 1, 2),
(103, 4, 1, 5),
(103, 5, 3, 3),
(103, 5, 5, 2),
(103, 5, 1, 3),
(103, 5, 2, 3),
(103, 5, 3, 2),
(104, 1, 2, 5),
(104, 2, 1, 4),
(104, 3, 1, 2),
(104, 4, 5, 2),
(104, 5, 1, 4),
(104, 5, 1, 3),
(104, 5, 5, 1),
(104, 5, 3, 4),
(104, 5, 3, 1),
(105, 1, 4, 3),
(105, 2, 5, 5),
(105, 3, 4, 4),
(105, 4, 5, 3),
(105, 5, 3, 3),
(105, 5, 5, 5),
(105, 5, 2, 1),
(105, 5, 5, 5),
(105, 5, 5, 2),
(106, 1, 1, 4),
(106, 2, 2, 1),
(106, 3, 2, 1),
(106, 4, 5, 5),
(106, 5, 1, 2),
(106, 5, 1, 3),
(106, 5, 4, 2),
(106, 5, 2, 1),
(106, 5, 5, 3),
(107, 1, 3, 2),
(107, 2, 5, 3),
(107, 3, 4, 2),
(107, 4, 3, 2),
(107, 5, 2, 3),
(107, 5, 2, 5),
(107, 5, 4, 3),
(107, 5, 3, 4),
(107, 5, 1, 2),
(108, 1, 4, 2),
(108, 2, 3, 4),
(108, 3, 2, 2),
(108, 4, 5, 5),
(108, 5, 4, 4),
(108, 5, 3, 4),
(108, 5, 3, 5),
(108, 5, 4, 1),
(108, 5, 4, 4),
(109, 1, 5, 3),
(109, 2, 4, 4),
(109, 3, 1, 1),
(109, 4, 3, 3),
(109, 5, 3, 2),
(109, 5, 4, 2),
(109, 5, 3, 4),
(109, 5, 4, 2),
(109, 5, 5, 5),
(110, 1, 3, 2),
(110, 2, 5, 3),
(110, 3, 4, 3),
(110, 4, 4, 1),
(110, 5, 5, 1),
(110, 5, 4, 5),
(110, 5, 4, 2),
(110, 5, 3, 2),
(110, 5, 5, 1),
(111, 1, 5, 1),
(111, 2, 4, 5),
(111, 3, 3, 2),
(111, 4, 4, 1),
(111, 5, 2, 5),
(111, 5, 2, 5),
(111, 5, 3, 1),
(111, 5, 1, 5),
(111, 5, 2, 3),
(112, 1, 5, 1),
(112, 2, 2, 4),
(112, 3, 1, 2),
(112, 4, 4, 4),
(112, 5, 1, 3),
(112, 5, 5, 5),
(112, 5, 1, 2),
(112, 5, 3, 5),
(112, 5, 3, 2),
(113, 1, 5, 2),
(113, 2, 4, 2),
(113, 3, 2, 3),
(113, 4, 1, 4),
(113, 5, 5, 1),
(113, 5, 1, 1),
(113, 5, 2, 2),
(113, 5, 3, 2),
(113, 5, 3, 1),
(114, 1, 1, 5),
(114, 2, 1, 5),
(114, 3, 3, 2),
(114, 4, 5, 1),
(114, 5, 5, 3),
(114, 5, 1, 2),
(114, 5, 5, 5),
(114, 5, 5, 1),
(114, 5, 4, 5),
(115, 1, 5, 2),
(115, 2, 5, 5),
(115, 3, 5, 1),
(115, 4, 2, 3),
(115, 5, 5, 5),
(115, 5, 4, 4),
(115, 5, 5, 2),
(115, 5, 1, 5),
(115, 5, 2, 3),
(116, 1, 4, 2),
(116, 2, 5, 3),
(116, 3, 5, 5),
(116, 4, 4, 5),
(116, 5, 2, 2),
(116, 5, 1, 2),
(116, 5, 3, 5),
(116, 5, 5, 5),
(116, 5, 2, 2),
(117, 1, 5, 3),
(117, 2, 5, 3),
(117, 3, 5, 2),
(117, 4, 1, 5),
(117, 5, 5, 1),
(117, 5, 2, 3),
(117, 5, 1, 4),
(117, 5, 3, 1),
(117, 5, 1, 3),
(118, 1, 2, 5),
(118, 2, 2, 3),
(118, 3, 4, 2),
(118, 4, 1, 3),
(118, 5, 2, 1),
(118, 5, 1, 1),
(118, 5, 2, 3),
(118, 5, 1, 2),
(118, 5, 2, 1),
(119, 1, 2, 3),
(119, 2, 1, 1),
(119, 3, 3, 2),
(119, 4, 3, 2),
(119, 5, 4, 2),
(119, 5, 5, 1),
(119, 5, 1, 2),
(119, 5, 3, 3),
(119, 5, 1, 5),
(120, 1, 3, 3),
(120, 2, 2, 4),
(120, 3, 4, 3),
(120, 4, 2, 5),
(120, 5, 5, 3),
(120, 5, 5, 1),
(120, 5, 3, 1),
(120, 5, 3, 2),
(120, 5, 5, 4),
(121, 1, 1, 5),
(121, 2, 2, 5),
(121, 3, 5, 1),
(121, 4, 1, 1),
(121, 5, 4, 2),
(121, 5, 5, 3),
(121, 5, 4, 5),
(121, 5, 4, 5),
(121, 5, 4, 3),
(122, 1, 4, 3),
(122, 2, 4, 3),
(122, 3, 2, 4),
(122, 4, 4, 4),
(122, 5, 2, 1),
(122, 5, 5, 4),
(122, 5, 2, 5),
(122, 5, 1, 5),
(122, 5, 4, 3),
(123, 1, 2, 3),
(123, 2, 4, 2),
(123, 3, 2, 4),
(123, 4, 2, 5),
(123, 5, 5, 4),
(123, 5, 5, 5),
(123, 5, 5, 2),
(123, 5, 4, 1),
(123, 5, 3, 4),
(124, 1, 4, 3),
(124, 2, 2, 3),
(124, 3, 1, 3),
(124, 4, 5, 1),
(124, 5, 4, 2),
(124, 5, 3, 3),
(124, 5, 3, 4),
(124, 5, 3, 1),
(124, 5, 1, 1),
(125, 1, 1, 1),
(125, 2, 5, 2),
(125, 3, 1, 1),
(125, 4, 5, 5),
(125, 5, 4, 2),
(125, 5, 2, 5),
(125, 5, 2, 3),
(125, 5, 4, 2),
(125, 5, 2, 1),
(126, 1, 4, 4),
(126, 2, 2, 1),
(126, 3, 2, 5),
(126, 4, 2, 4),
(126, 5, 5, 1),
(126, 5, 1, 2),
(126, 5, 5, 3),
(126, 5, 2, 3),
(126, 5, 2, 5),
(127, 1, 5, 1),
(127, 2, 3, 3),
(127, 3, 1, 5),
(127, 4, 4, 3),
(127, 5, 2, 5),
(127, 5, 1, 4),
(127, 5, 2, 4),
(127, 5, 3, 3),
(127, 5, 1, 3),
(128, 1, 1, 3),
(128, 2, 3, 4),
(128, 3, 1, 4),
(128, 4, 4, 1),
(128, 5, 4, 3),
(128, 5, 4, 3),
(128, 5, 5, 1),
(128, 5, 4, 3),
(128, 5, 2, 4),
(129, 1, 1, 2),
(129, 2, 3, 3),
(129, 3, 2, 4),
(129, 4, 5, 2),
(129, 5, 5, 2),
(129, 5, 3, 3),
(129, 5, 1, 4),
(129, 5, 1, 1),
(129, 5, 1, 3),
(130, 1, 2, 5),
(130, 2, 1, 3),
(130, 3, 4, 3),
(130, 4, 4, 3),
(130, 5, 4, 1),
(130, 5, 5, 4),
(130, 5, 5, 5),
(130, 5, 3, 3),
(130, 5, 2, 4),
(131, 1, 4, 2),
(131, 2, 1, 3),
(131, 3, 3, 4),
(131, 4, 5, 3),
(131, 5, 1, 3),
(131, 5, 2, 4),
(131, 5, 3, 2),
(131, 5, 3, 3),
(131, 5, 1, 1),
(132, 1, 5, 2),
(132, 2, 5, 2),
(132, 3, 2, 1),
(132, 4, 4, 4),
(132, 5, 5, 1),
(132, 5, 3, 3),
(132, 5, 3, 3),
(132, 5, 5, 3),
(132, 5, 4, 5),
(133, 1, 4, 5),
(133, 2, 4, 4),
(133, 3, 2, 2),
(133, 4, 5, 3),
(133, 5, 3, 2),
(133, 5, 3, 4),
(133, 5, 1, 2),
(133, 5, 3, 4),
(133, 5, 4, 1),
(134, 1, 4, 4),
(134, 2, 2, 2),
(134, 3, 5, 5),
(134, 4, 1, 4),
(134, 5, 3, 3),
(134, 5, 5, 1),
(134, 5, 2, 2),
(134, 5, 1, 3),
(134, 5, 4, 1),
(135, 1, 5, 2),
(135, 2, 4, 4),
(135, 3, 4, 2),
(135, 4, 2, 1),
(135, 5, 1, 1),
(135, 5, 3, 1),
(135, 5, 1, 3),
(135, 5, 3, 1),
(135, 5, 2, 3),
(136, 1, 2, 5),
(136, 2, 3, 1),
(136, 3, 1, 4),
(136, 4, 2, 4),
(136, 5, 2, 3),
(136, 5, 4, 5),
(136, 5, 3, 4),
(136, 5, 3, 3),
(136, 5, 2, 4),
(137, 1, 2, 3),
(137, 2, 1, 3),
(137, 3, 5, 2),
(137, 4, 1, 5),
(137, 5, 3, 1),
(137, 5, 5, 3),
(137, 5, 5, 3),
(137, 5, 1, 3),
(137, 5, 2, 3),
(138, 1, 3, 1),
(138, 2, 5, 5),
(138, 3, 1, 3),
(138, 4, 3, 4),
(138, 5, 1, 1),
(138, 5, 1, 4),
(138, 5, 3, 1),
(138, 5, 4, 5),
(138, 5, 5, 1),
(139, 1, 4, 3),
(139, 2, 3, 3),
(139, 3, 1, 1),
(139, 4, 2, 3),
(139, 5, 2, 5),
(139, 5, 5, 2),
(139, 5, 5, 2),
(139, 5, 2, 2),
(139, 5, 5, 1),
(140, 1, 1, 1),
(140, 2, 4, 5),
(140, 3, 5, 3),
(140, 4, 1, 5),
(140, 5, 5, 1),
(140, 5, 2, 2),
(140, 5, 2, 2),
(140, 5, 3, 1),
(140, 5, 2, 1),
(141, 1, 2, 1),
(141, 2, 4, 1),
(141, 3, 1, 4),
(141, 4, 2, 3),
(141, 5, 2, 1),
(141, 5, 2, 2),
(141, 5, 2, 5),
(141, 5, 3, 2),
(141, 5, 4, 1),
(142, 1, 4, 3),
(142, 2, 4, 5),
(142, 3, 5, 5),
(142, 4, 1, 3),
(142, 5, 1, 5),
(142, 5, 1, 4),
(142, 5, 2, 3),
(142, 5, 5, 5),
(142, 5, 2, 1),
(143, 1, 4, 4),
(143, 2, 5, 2),
(143, 3, 1, 1),
(143, 4, 1, 1),
(143, 5, 1, 2),
(143, 5, 2, 3),
(143, 5, 3, 2),
(143, 5, 3, 2),
(143, 5, 1, 1),
(144, 1, 1, 2),
(144, 2, 2, 3),
(144, 3, 5, 4),
(144, 4, 4, 2),
(144, 5, 3, 1),
(144, 5, 2, 1),
(144, 5, 1, 3),
(144, 5, 1, 2),
(144, 5, 2, 3),
(145, 1, 3, 1),
(145, 2, 5, 1),
(145, 3, 5, 3),
(145, 4, 2, 4),
(145, 5, 4, 4),
(145, 5, 4, 5),
(145, 5, 3, 4),
(145, 5, 5, 4),
(145, 5, 2, 2),
(146, 1, 5, 5),
(146, 2, 5, 2),
(146, 3, 4, 4),
(146, 4, 2, 1),
(146, 5, 5, 5),
(146, 5, 2, 5),
(146, 5, 1, 3),
(146, 5, 3, 3),
(146, 5, 1, 4),
(147, 1, 1, 1),
(147, 2, 3, 5),
(147, 3, 1, 5),
(147, 4, 4, 4),
(147, 5, 4, 2),
(147, 5, 5, 5),
(147, 5, 4, 2),
(147, 5, 3, 1),
(147, 5, 4, 4),
(148, 1, 5, 1),
(148, 2, 1, 4),
(148, 3, 2, 3),
(148, 4, 4, 2),
(148, 5, 4, 3),
(148, 5, 1, 4),
(148, 5, 1, 1),
(148, 5, 3, 4),
(148, 5, 5, 3),
(149, 1, 4, 2),
(149, 2, 3, 2),
(149, 3, 5, 4),
(149, 4, 2, 2),
(149, 5, 3, 5),
(149, 5, 4, 4),
(149, 5, 3, 2),
(149, 5, 1, 1),
(149, 5, 2, 4),
(150, 1, 3, 2),
(150, 2, 5, 2),
(150, 3, 5, 4),
(150, 4, 1, 4),
(150, 5, 4, 3),
(150, 5, 3, 4),
(150, 5, 4, 3),
(150, 5, 4, 4),
(150, 5, 2, 5),
(151, 1, 1, 2),
(151, 2, 1, 3),
(151, 3, 3, 5),
(151, 4, 4, 5),
(151, 5, 2, 4),
(151, 5, 2, 1),
(151, 5, 5, 3),
(151, 5, 4, 3),
(151, 5, 5, 3),
(152, 1, 5, 3),
(152, 2, 2, 5),
(152, 3, 2, 4),
(152, 4, 1, 4),
(152, 5, 1, 3),
(152, 5, 1, 2),
(152, 5, 5, 2),
(152, 5, 1, 4),
(152, 5, 3, 5),
(153, 1, 3, 5),
(153, 2, 3, 1),
(153, 3, 3, 2),
(153, 4, 2, 3),
(153, 5, 1, 5),
(153, 5, 1, 3),
(153, 5, 5, 5),
(153, 5, 4, 5),
(153, 5, 1, 2),
(154, 1, 1, 2),
(154, 2, 5, 1),
(154, 3, 5, 1),
(154, 4, 3, 4),
(154, 5, 5, 2),
(154, 5, 1, 1),
(154, 5, 2, 3),
(154, 5, 2, 5),
(154, 5, 1, 5),
(155, 1, 3, 4),
(155, 2, 2, 1),
(155, 3, 3, 5),
(155, 4, 3, 1),
(155, 5, 4, 2),
(155, 5, 5, 1),
(155, 5, 3, 3),
(155, 5, 5, 1),
(155, 5, 1, 1),
(156, 1, 4, 4),
(156, 2, 5, 1),
(156, 3, 4, 5),
(156, 4, 2, 3),
(156, 5, 3, 4),
(156, 5, 3, 3),
(156, 5, 5, 4),
(156, 5, 4, 5),
(156, 5, 4, 2),
(157, 1, 1, 3),
(157, 2, 3, 5),
(157, 3, 3, 4),
(157, 4, 4, 2),
(157, 5, 3, 1),
(157, 5, 1, 3),
(157, 5, 3, 5),
(157, 5, 4, 3),
(157, 5, 3, 3),
(158, 1, 2, 1),
(158, 2, 4, 2),
(158, 3, 5, 5),
(158, 4, 5, 1),
(158, 5, 2, 4),
(158, 5, 2, 1),
(158, 5, 5, 5),
(158, 5, 3, 4),
(158, 5, 1, 5),
(159, 1, 2, 4),
(159, 2, 2, 2),
(159, 3, 5, 3),
(159, 4, 5, 5),
(159, 5, 3, 3),
(159, 5, 5, 1),
(159, 5, 5, 2),
(159, 5, 2, 5),
(159, 5, 5, 1),
(160, 1, 1, 4),
(160, 2, 5, 3),
(160, 3, 1, 1),
(160, 4, 4, 3),
(160, 5, 1, 5),
(160, 5, 1, 5),
(160, 5, 2, 2),
(160, 5, 1, 2),
(160, 5, 4, 5),
(161, 1, 1, 2),
(161, 2, 1, 2),
(161, 3, 1, 2),
(161, 4, 5, 1),
(161, 5, 1, 5),
(161, 5, 5, 3),
(161, 5, 3, 2),
(161, 5, 4, 3),
(161, 5, 3, 1),
(162, 1, 5, 4),
(162, 2, 3, 1),
(162, 3, 1, 4),
(162, 4, 2, 5),
(162, 5, 1, 2),
(162, 5, 5, 2),
(162, 5, 3, 4),
(162, 5, 4, 2),
(162, 5, 5, 4),
(163, 1, 3, 4),
(163, 2, 3, 1),
(163, 3, 2, 5),
(163, 4, 5, 3),
(163, 5, 5, 4),
(163, 5, 2, 5),
(163, 5, 5, 3),
(163, 5, 2, 4),
(163, 5, 5, 1),
(164, 1, 2, 5),
(164, 2, 3, 3),
(164, 3, 1, 3),
(164, 4, 4, 4),
(164, 5, 2, 4),
(164, 5, 4, 2),
(164, 5, 5, 3),
(164, 5, 4, 2),
(164, 5, 4, 2),
(165, 1, 3, 3),
(165, 2, 4, 3),
(165, 3, 2, 2),
(165, 4, 3, 5),
(165, 5, 5, 5),
(165, 5, 2, 2),
(165, 5, 4, 2),
(165, 5, 1, 1),
(165, 5, 2, 1),
(166, 1, 5, 4),
(166, 2, 2, 2),
(166, 3, 4, 5),
(166, 4, 5, 5),
(166, 5, 1, 2),
(166, 5, 1, 2),
(166, 5, 1, 3),
(166, 5, 1, 1),
(166, 5, 4, 5),
(167, 1, 2, 3),
(167, 2, 5, 5),
(167, 3, 1, 5),
(167, 4, 4, 4),
(167, 5, 3, 1),
(167, 5, 3, 3),
(167, 5, 4, 5),
(167, 5, 5, 2),
(167, 5, 3, 2),
(168, 1, 4, 2),
(168, 2, 5, 1),
(168, 3, 5, 5),
(168, 4, 1, 4),
(168, 5, 3, 4),
(168, 5, 1, 1),
(168, 5, 5, 5),
(168, 5, 3, 3),
(168, 5, 4, 2),
(169, 1, 5, 5),
(169, 2, 1, 3),
(169, 3, 3, 2),
(169, 4, 3, 4),
(169, 5, 4, 4),
(169, 5, 1, 5),
(169, 5, 5, 5),
(169, 5, 2, 2),
(169, 5, 5, 1),
(170, 1, 3, 3),
(170, 2, 1, 3),
(170, 3, 4, 3),
(170, 4, 5, 5),
(170, 5, 4, 3),
(170, 5, 2, 5),
(170, 5, 5, 4),
(170, 5, 5, 3),
(170, 5, 1, 1),
(171, 1, 1, 3),
(171, 2, 1, 4),
(171, 3, 3, 3),
(171, 4, 3, 2),
(171, 5, 4, 4),
(171, 5, 4, 5),
(171, 5, 2, 1),
(171, 5, 4, 3),
(171, 5, 5, 2),
(172, 1, 1, 1),
(172, 2, 1, 1),
(172, 3, 5, 2),
(172, 4, 2, 4),
(172, 5, 5, 4),
(172, 5, 1, 3),
(172, 5, 1, 4),
(172, 5, 5, 2),
(172, 5, 4, 1),
(173, 1, 5, 3),
(173, 2, 4, 2),
(173, 3, 5, 5),
(173, 4, 3, 2),
(173, 5, 2, 3),
(173, 5, 3, 2),
(173, 5, 1, 2),
(173, 5, 4, 1),
(173, 5, 5, 1),
(174, 1, 5, 3),
(174, 2, 4, 5),
(174, 3, 2, 3),
(174, 4, 5, 4),
(174, 5, 1, 1),
(174, 5, 3, 1),
(174, 5, 1, 1),
(174, 5, 5, 3),
(174, 5, 2, 2),
(175, 1, 5, 1),
(175, 2, 4, 3),
(175, 3, 5, 3),
(175, 4, 3, 5),
(175, 5, 4, 2),
(175, 5, 5, 3),
(175, 5, 1, 1),
(175, 5, 1, 5),
(175, 5, 5, 3),
(176, 1, 5, 1),
(176, 2, 1, 1),
(176, 3, 4, 3),
(176, 4, 4, 1),
(176, 5, 3, 5),
(176, 5, 3, 1),
(176, 5, 1, 3),
(176, 5, 5, 4),
(176, 5, 2, 3),
(177, 1, 2, 2),
(177, 2, 3, 3),
(177, 3, 3, 3),
(177, 4, 1, 3),
(177, 5, 1, 5),
(177, 5, 4, 2),
(177, 5, 3, 3),
(177, 5, 5, 3),
(177, 5, 1, 5),
(178, 1, 5, 3),
(178, 2, 4, 3),
(178, 3, 1, 2),
(178, 4, 5, 4),
(178, 5, 2, 4),
(178, 5, 4, 2),
(178, 5, 3, 2),
(178, 5, 5, 2),
(178, 5, 4, 3),
(179, 1, 5, 2),
(179, 2, 2, 3),
(179, 3, 1, 4),
(179, 4, 5, 1),
(179, 5, 3, 3),
(179, 5, 4, 1),
(179, 5, 2, 5),
(179, 5, 1, 3),
(179, 5, 1, 5),
(180, 1, 4, 2),
(180, 2, 1, 5),
(180, 3, 1, 2),
(180, 4, 1, 4),
(180, 5, 3, 3),
(180, 5, 5, 4),
(180, 5, 2, 3),
(180, 5, 2, 2),
(180, 5, 5, 2),
(181, 1, 2, 3),
(181, 2, 5, 1),
(181, 3, 1, 5),
(181, 4, 4, 5),
(181, 5, 2, 4),
(181, 5, 4, 5),
(181, 5, 2, 5),
(181, 5, 3, 2),
(181, 5, 3, 1),
(182, 1, 5, 5),
(182, 2, 1, 5),
(182, 3, 1, 4),
(182, 4, 4, 3),
(182, 5, 3, 1),
(182, 5, 3, 3),
(182, 5, 4, 1),
(182, 5, 2, 1),
(182, 5, 5, 3),
(183, 1, 5, 2),
(183, 2, 2, 3),
(183, 3, 3, 4),
(183, 4, 3, 5),
(183, 5, 1, 2),
(183, 5, 3, 3),
(183, 5, 2, 5),
(183, 5, 3, 3),
(183, 5, 3, 4),
(184, 1, 4, 3),
(184, 2, 2, 2),
(184, 3, 2, 4),
(184, 4, 5, 2),
(184, 5, 3, 4),
(184, 5, 3, 1),
(184, 5, 2, 5),
(184, 5, 3, 4),
(184, 5, 3, 2),
(185, 1, 5, 5),
(185, 2, 2, 1),
(185, 3, 2, 3),
(185, 4, 1, 3),
(185, 5, 4, 4),
(185, 5, 3, 3),
(185, 5, 5, 4),
(185, 5, 2, 3),
(185, 5, 5, 3),
(186, 1, 3, 1),
(186, 2, 2, 5),
(186, 3, 4, 4),
(186, 4, 2, 2),
(186, 5, 1, 3),
(186, 5, 3, 3),
(186, 5, 3, 5),
(186, 5, 5, 1),
(186, 5, 3, 5),
(187, 1, 2, 2),
(187, 2, 2, 1),
(187, 3, 3, 3),
(187, 4, 2, 2),
(187, 5, 4, 2),
(187, 5, 1, 2),
(187, 5, 1, 4),
(187, 5, 3, 3),
(187, 5, 1, 3),
(188, 1, 1, 2),
(188, 2, 4, 5),
(188, 3, 4, 2),
(188, 4, 5, 5),
(188, 5, 1, 5),
(188, 5, 2, 3),
(188, 5, 1, 4),
(188, 5, 5, 2),
(188, 5, 1, 3),
(189, 1, 5, 1),
(189, 2, 5, 5),
(189, 3, 3, 3),
(189, 4, 5, 5),
(189, 5, 2, 3),
(189, 5, 2, 2),
(189, 5, 5, 4),
(189, 5, 3, 3),
(189, 5, 4, 5),
(190, 1, 1, 5),
(190, 2, 1, 4),
(190, 3, 3, 4),
(190, 4, 5, 1),
(190, 5, 4, 4),
(190, 5, 1, 3),
(190, 5, 1, 2),
(190, 5, 1, 1),
(190, 5, 1, 1),
(191, 1, 4, 4),
(191, 2, 1, 5),
(191, 3, 2, 3),
(191, 4, 4, 1),
(191, 5, 2, 2),
(191, 5, 1, 1),
(191, 5, 4, 1),
(191, 5, 3, 3),
(191, 5, 2, 4),
(192, 1, 1, 2),
(192, 2, 1, 2),
(192, 3, 2, 4),
(192, 4, 5, 1),
(192, 5, 5, 5),
(192, 5, 2, 3),
(192, 5, 4, 3),
(192, 5, 3, 4),
(192, 5, 2, 1),
(193, 1, 3, 1),
(193, 2, 4, 3),
(193, 3, 5, 1),
(193, 4, 4, 5),
(193, 5, 3, 1),
(193, 5, 1, 2),
(193, 5, 3, 5),
(193, 5, 2, 2),
(193, 5, 2, 1),
(194, 1, 1, 4),
(194, 2, 5, 5),
(194, 3, 5, 1),
(194, 4, 3, 5),
(194, 5, 4, 5),
(194, 5, 5, 3),
(194, 5, 1, 5),
(194, 5, 2, 4),
(194, 5, 3, 5),
(195, 1, 1, 5),
(195, 2, 3, 2),
(195, 3, 5, 3),
(195, 4, 5, 3),
(195, 5, 3, 1),
(195, 5, 4, 5),
(195, 5, 3, 4),
(195, 5, 5, 2),
(195, 5, 4, 2),
(196, 1, 5, 5),
(196, 2, 5, 5),
(196, 3, 5, 2),
(196, 4, 4, 1),
(196, 5, 4, 2),
(196, 5, 3, 1),
(196, 5, 1, 2),
(196, 5, 5, 4),
(196, 5, 3, 5),
(197, 1, 4, 2),
(197, 2, 5, 3),
(197, 3, 5, 2),
(197, 4, 2, 3),
(197, 5, 5, 2),
(197, 5, 1, 5),
(197, 5, 2, 5),
(197, 5, 5, 2),
(197, 5, 5, 4),
(198, 1, 1, 5),
(198, 2, 5, 3),
(198, 3, 4, 1),
(198, 4, 3, 5),
(198, 5, 3, 1),
(198, 5, 1, 1),
(198, 5, 2, 5),
(198, 5, 3, 4),
(198, 5, 1, 3),
(199, 1, 1, 2),
(199, 2, 2, 4),
(199, 3, 4, 5),
(199, 4, 2, 4),
(199, 5, 4, 2),
(199, 5, 4, 2),
(199, 5, 1, 1),
(199, 5, 3, 3),
(199, 5, 2, 2),
(200, 1, 5, 4),
(200, 2, 2, 3),
(200, 3, 5, 1),
(200, 4, 5, 4),
(200, 5, 3, 1),
(200, 5, 3, 5),
(200, 5, 3, 1),
(200, 5, 2, 2),
(200, 5, 2, 2),
(201, 1, 3, 2),
(201, 2, 3, 4),
(201, 3, 1, 3),
(201, 4, 5, 1),
(201, 5, 5, 2),
(201, 5, 5, 3),
(201, 5, 3, 5),
(201, 5, 4, 5),
(201, 5, 4, 5),
(202, 1, 3, 1),
(202, 2, 1, 4),
(202, 3, 5, 4),
(202, 4, 3, 5),
(202, 5, 2, 5),
(202, 5, 3, 4),
(202, 5, 5, 4),
(202, 5, 3, 3),
(202, 5, 1, 4),
(203, 1, 1, 5),
(203, 2, 3, 1),
(203, 3, 4, 3),
(203, 4, 1, 2),
(203, 5, 2, 4),
(203, 5, 2, 3),
(203, 5, 1, 4),
(203, 5, 4, 3),
(203, 5, 4, 5),
(204, 1, 1, 5),
(204, 2, 5, 2),
(204, 3, 4, 1),
(204, 4, 4, 2),
(204, 5, 4, 5),
(204, 5, 1, 2),
(204, 5, 4, 5),
(204, 5, 4, 1),
(204, 5, 1, 3),
(205, 1, 4, 1),
(205, 2, 2, 4),
(205, 3, 2, 3),
(205, 4, 5, 4),
(205, 5, 3, 2),
(205, 5, 4, 5),
(205, 5, 1, 4),
(205, 5, 5, 1),
(205, 5, 2, 1),
(206, 1, 3, 3),
(206, 2, 2, 4),
(206, 3, 4, 4),
(206, 4, 2, 1),
(206, 5, 1, 1),
(206, 5, 4, 1),
(206, 5, 2, 4),
(206, 5, 1, 4),
(206, 5, 2, 5),
(207, 1, 3, 5),
(207, 2, 5, 4),
(207, 3, 4, 4),
(207, 4, 1, 2),
(207, 5, 1, 2),
(207, 5, 1, 4),
(207, 5, 4, 4),
(207, 5, 2, 5),
(207, 5, 1, 5),
(208, 1, 2, 2),
(208, 2, 5, 5),
(208, 3, 4, 3),
(208, 4, 4, 2),
(208, 5, 5, 4),
(208, 5, 4, 5),
(208, 5, 4, 3),
(208, 5, 5, 2),
(208, 5, 3, 3),
(209, 1, 4, 2),
(209, 2, 3, 5),
(209, 3, 3, 1),
(209, 4, 3, 4),
(209, 5, 2, 3),
(209, 5, 4, 5),
(209, 5, 5, 2),
(209, 5, 5, 3),
(209, 5, 3, 3),
(210, 1, 4, 2),
(210, 2, 2, 1),
(210, 3, 2, 2),
(210, 4, 2, 1),
(210, 5, 3, 4),
(210, 5, 5, 2),
(210, 5, 2, 1),
(210, 5, 3, 3),
(210, 5, 4, 3),
(211, 1, 5, 2),
(211, 2, 3, 4),
(211, 3, 4, 2),
(211, 4, 3, 1),
(211, 5, 1, 2),
(211, 5, 1, 2),
(211, 5, 3, 2),
(211, 5, 1, 5),
(211, 5, 5, 5),
(212, 1, 2, 5),
(212, 2, 3, 3),
(212, 3, 4, 3),
(212, 4, 1, 3),
(212, 5, 4, 5),
(212, 5, 1, 4),
(212, 5, 3, 5),
(212, 5, 1, 1),
(212, 5, 1, 2),
(213, 1, 2, 1),
(213, 2, 2, 5),
(213, 3, 5, 4),
(213, 4, 1, 1),
(213, 5, 3, 4),
(213, 5, 2, 3),
(213, 5, 2, 2),
(213, 5, 4, 1),
(213, 5, 1, 3),
(214, 1, 2, 1),
(214, 2, 1, 3),
(214, 3, 5, 5),
(214, 4, 5, 3),
(214, 5, 5, 4),
(214, 5, 1, 1),
(214, 5, 4, 4),
(214, 5, 4, 5),
(214, 5, 1, 3),
(215, 1, 2, 4),
(215, 2, 4, 1),
(215, 3, 1, 2),
(215, 4, 4, 2),
(215, 5, 1, 5),
(215, 5, 4, 1),
(215, 5, 4, 5),
(215, 5, 2, 4),
(215, 5, 4, 3),
(216, 1, 4, 3),
(216, 2, 4, 5),
(216, 3, 4, 4),
(216, 4, 5, 4),
(216, 5, 5, 1),
(216, 5, 1, 3),
(216, 5, 4, 3),
(216, 5, 2, 5),
(216, 5, 4, 2),
(217, 1, 2, 1),
(217, 2, 4, 4),
(217, 3, 5, 1),
(217, 4, 1, 4),
(217, 5, 2, 4),
(217, 5, 4, 1),
(217, 5, 4, 2),
(217, 5, 3, 5),
(217, 5, 4, 1),
(218, 1, 3, 1),
(218, 2, 2, 3),
(218, 3, 2, 1),
(218, 4, 4, 1),
(218, 5, 5, 4),
(218, 5, 2, 1),
(218, 5, 1, 4),
(218, 5, 3, 5),
(218, 5, 5, 5),
(219, 1, 1, 4),
(219, 2, 4, 5),
(219, 3, 2, 1),
(219, 4, 1, 2),
(219, 5, 4, 1),
(219, 5, 4, 2),
(219, 5, 1, 3),
(219, 5, 2, 1),
(219, 5, 3, 3),
(220, 1, 5, 4),
(220, 2, 2, 2),
(220, 3, 2, 4),
(220, 4, 1, 3),
(220, 5, 5, 5),
(220, 5, 5, 1),
(220, 5, 2, 3),
(220, 5, 3, 4),
(220, 5, 5, 5),
(221, 1, 1, 2),
(221, 2, 2, 5),
(221, 3, 2, 1),
(221, 4, 5, 1),
(221, 5, 3, 5),
(221, 5, 5, 3),
(221, 5, 2, 2),
(221, 5, 2, 2),
(221, 5, 2, 4),
(222, 1, 4, 1),
(222, 2, 5, 5),
(222, 3, 4, 2),
(222, 4, 1, 2),
(222, 5, 4, 3),
(222, 5, 1, 2),
(222, 5, 2, 1),
(222, 5, 1, 5),
(222, 5, 2, 2),
(223, 1, 5, 1),
(223, 2, 4, 4),
(223, 3, 1, 1),
(223, 4, 4, 4),
(223, 5, 4, 1),
(223, 5, 2, 3),
(223, 5, 3, 1),
(223, 5, 2, 3),
(223, 5, 5, 5),
(224, 1, 5, 1),
(224, 2, 2, 5),
(224, 3, 4, 1),
(224, 4, 1, 3),
(224, 5, 2, 4),
(224, 5, 5, 1),
(224, 5, 1, 5),
(224, 5, 2, 4),
(224, 5, 2, 2),
(225, 1, 4, 2),
(225, 2, 1, 1),
(225, 3, 5, 5),
(225, 4, 1, 1),
(225, 5, 3, 2),
(225, 5, 1, 2),
(225, 5, 4, 3),
(225, 5, 5, 4),
(225, 5, 4, 1),
(226, 1, 2, 3),
(226, 2, 1, 5),
(226, 3, 5, 4),
(226, 4, 1, 1),
(226, 5, 3, 3),
(226, 5, 2, 1),
(226, 5, 2, 5),
(226, 5, 3, 5),
(226, 5, 3, 3),
(227, 1, 5, 4),
(227, 2, 3, 2),
(227, 3, 5, 5),
(227, 4, 5, 2),
(227, 5, 1, 3),
(227, 5, 2, 3),
(227, 5, 2, 2),
(227, 5, 5, 1),
(227, 5, 4, 3),
(228, 1, 1, 1),
(228, 2, 1, 2),
(228, 3, 3, 3),
(228, 4, 1, 3),
(228, 5, 4, 2),
(228, 5, 3, 1),
(228, 5, 3, 4),
(228, 5, 5, 1),
(228, 5, 2, 4),
(229, 1, 5, 5),
(229, 2, 3, 3),
(229, 3, 3, 5),
(229, 4, 4, 4),
(229, 5, 5, 4),
(229, 5, 2, 2),
(229, 5, 2, 4),
(229, 5, 4, 1),
(229, 5, 1, 3),
(230, 1, 1, 1),
(230, 2, 5, 3),
(230, 3, 5, 2),
(230, 4, 3, 2),
(230, 5, 5, 1),
(230, 5, 2, 3),
(230, 5, 4, 4),
(230, 5, 4, 1),
(230, 5, 5, 4),
(231, 1, 5, 4),
(231, 2, 1, 5),
(231, 3, 2, 3),
(231, 4, 2, 5),
(231, 5, 3, 1),
(231, 5, 3, 3),
(231, 5, 2, 5),
(231, 5, 5, 3),
(231, 5, 4, 4),
(232, 1, 3, 3),
(232, 2, 3, 2),
(232, 3, 1, 1),
(232, 4, 2, 1),
(232, 5, 1, 4),
(232, 5, 4, 1),
(232, 5, 1, 5),
(232, 5, 4, 5),
(232, 5, 2, 4),
(233, 1, 3, 4),
(233, 2, 1, 2),
(233, 3, 3, 3),
(233, 4, 1, 5),
(233, 5, 1, 2),
(233, 5, 3, 4),
(233, 5, 2, 2),
(233, 5, 4, 4),
(233, 5, 1, 2),
(234, 1, 1, 5),
(234, 2, 5, 3),
(234, 3, 2, 2),
(234, 4, 3, 4),
(234, 5, 1, 5),
(234, 5, 4, 5),
(234, 5, 5, 4),
(234, 5, 4, 5),
(234, 5, 3, 2),
(235, 1, 2, 2),
(235, 2, 2, 5),
(235, 3, 5, 4),
(235, 4, 5, 5),
(235, 5, 2, 4),
(235, 5, 5, 5),
(235, 5, 4, 5),
(235, 5, 4, 5),
(235, 5, 1, 4),
(236, 1, 4, 5),
(236, 2, 1, 2),
(236, 3, 1, 4),
(236, 4, 2, 5),
(236, 5, 5, 2),
(236, 5, 1, 5),
(236, 5, 3, 2),
(236, 5, 1, 2),
(236, 5, 4, 1),
(237, 1, 1, 3),
(237, 2, 4, 1),
(237, 3, 3, 1),
(237, 4, 3, 2),
(237, 5, 1, 1),
(237, 5, 1, 1),
(237, 5, 2, 3),
(237, 5, 4, 1),
(237, 5, 5, 2),
(238, 1, 3, 1),
(238, 2, 1, 5),
(238, 3, 3, 2),
(238, 4, 3, 4),
(238, 5, 2, 1),
(238, 5, 1, 3),
(238, 5, 5, 1),
(238, 5, 5, 5),
(238, 5, 5, 1),
(239, 1, 3, 4),
(239, 2, 4, 2),
(239, 3, 4, 5),
(239, 4, 3, 3),
(239, 5, 4, 5),
(239, 5, 1, 4),
(239, 5, 1, 1),
(239, 5, 2, 3),
(239, 5, 5, 3),
(240, 1, 2, 5),
(240, 2, 4, 5),
(240, 3, 4, 2),
(240, 4, 1, 5),
(240, 5, 5, 3),
(240, 5, 1, 2),
(240, 5, 4, 3),
(240, 5, 3, 3),
(240, 5, 3, 1),
(241, 1, 2, 3),
(241, 2, 4, 4),
(241, 3, 3, 1),
(241, 4, 4, 2),
(241, 5, 1, 3),
(241, 5, 1, 2),
(241, 5, 5, 1),
(241, 5, 1, 3),
(241, 5, 4, 2),
(242, 1, 2, 5),
(242, 2, 4, 1),
(242, 3, 1, 4),
(242, 4, 3, 4),
(242, 5, 4, 1),
(242, 5, 2, 4),
(242, 5, 2, 4),
(242, 5, 2, 3),
(242, 5, 1, 5),
(243, 1, 2, 2),
(243, 2, 5, 4),
(243, 3, 3, 5),
(243, 4, 4, 3),
(243, 5, 3, 3),
(243, 5, 4, 2),
(243, 5, 4, 2),
(243, 5, 1, 3),
(243, 5, 3, 5),
(244, 1, 3, 3),
(244, 2, 1, 2),
(244, 3, 5, 5),
(244, 4, 2, 4),
(244, 5, 5, 3),
(244, 5, 5, 5),
(244, 5, 1, 5),
(244, 5, 5, 1),
(244, 5, 4, 2),
(245, 1, 4, 4),
(245, 2, 4, 3),
(245, 3, 5, 1),
(245, 4, 3, 1),
(245, 5, 2, 5),
(245, 5, 4, 4),
(245, 5, 2, 1),
(245, 5, 4, 1),
(245, 5, 3, 1),
(246, 1, 5, 2),
(246, 2, 2, 3),
(246, 3, 5, 2),
(246, 4, 5, 3),
(246, 5, 4, 2),
(246, 5, 3, 4),
(246, 5, 5, 5),
(246, 5, 5, 2),
(246, 5, 5, 3),
(247, 1, 4, 5),
(247, 2, 2, 4),
(247, 3, 1, 2),
(247, 4, 3, 2),
(247, 5, 1, 4),
(247, 5, 2, 4),
(247, 5, 5, 3),
(247, 5, 4, 3),
(247, 5, 3, 4),
(248, 1, 5, 5),
(248, 2, 2, 5),
(248, 3, 5, 3),
(248, 4, 4, 5),
(248, 5, 2, 1),
(248, 5, 3, 5),
(248, 5, 3, 2),
(248, 5, 4, 2),
(248, 5, 2, 4),
(249, 1, 4, 5),
(249, 2, 5, 5),
(249, 3, 5, 2),
(249, 4, 2, 5),
(249, 5, 2, 3),
(249, 5, 5, 3),
(249, 5, 1, 1),
(249, 5, 5, 3),
(249, 5, 1, 2),
(250, 1, 2, 5),
(250, 2, 4, 3),
(250, 3, 5, 2),
(250, 4, 5, 5),
(250, 5, 4, 1),
(250, 5, 3, 4),
(250, 5, 1, 5),
(250, 5, 2, 2),
(250, 5, 2, 1),
(251, 1, 4, 5),
(251, 2, 5, 5),
(251, 3, 1, 3),
(251, 4, 1, 5),
(251, 5, 1, 1),
(251, 5, 1, 4),
(251, 5, 2, 2),
(251, 5, 2, 5),
(251, 5, 1, 2),
(252, 1, 5, 3),
(252, 2, 1, 4),
(252, 3, 5, 4),
(252, 4, 3, 3),
(252, 5, 1, 1),
(252, 5, 1, 2),
(252, 5, 2, 3),
(252, 5, 5, 4),
(252, 5, 1, 4),
(253, 1, 3, 1),
(253, 2, 4, 5),
(253, 3, 1, 2),
(253, 4, 2, 4),
(253, 5, 1, 1),
(253, 5, 3, 2),
(253, 5, 3, 1),
(253, 5, 4, 2),
(253, 5, 1, 2),
(254, 1, 5, 2),
(254, 2, 3, 1),
(254, 3, 4, 3),
(254, 4, 1, 2),
(254, 5, 1, 2),
(254, 5, 1, 1),
(254, 5, 1, 4),
(254, 5, 4, 3),
(254, 5, 4, 1),
(255, 1, 2, 1),
(255, 2, 3, 2),
(255, 3, 5, 2),
(255, 4, 2, 2),
(255, 5, 3, 4),
(255, 5, 5, 1),
(255, 5, 5, 1),
(255, 5, 3, 4),
(255, 5, 1, 2),
(256, 1, 2, 3),
(256, 2, 3, 4),
(256, 3, 1, 5),
(256, 4, 5, 3),
(256, 5, 2, 2),
(256, 5, 3, 1),
(256, 5, 3, 5),
(256, 5, 3, 5),
(256, 5, 4, 3),
(257, 1, 3, 4),
(257, 2, 2, 1),
(257, 3, 3, 1),
(257, 4, 3, 2),
(257, 5, 1, 1),
(257, 5, 3, 2),
(257, 5, 5, 1),
(257, 5, 3, 4),
(257, 5, 2, 3),
(258, 1, 1, 4),
(258, 2, 4, 3),
(258, 3, 3, 3),
(258, 4, 3, 2),
(258, 5, 2, 5),
(258, 5, 2, 2),
(258, 5, 3, 1),
(258, 5, 4, 4),
(258, 5, 5, 1),
(259, 1, 5, 2),
(259, 2, 3, 3),
(259, 3, 2, 5),
(259, 4, 1, 1),
(259, 5, 1, 5),
(259, 5, 1, 1),
(259, 5, 2, 4),
(259, 5, 2, 3),
(259, 5, 4, 1),
(260, 1, 4, 5),
(260, 2, 2, 4),
(260, 3, 1, 4),
(260, 4, 4, 3),
(260, 5, 4, 4),
(260, 5, 4, 1),
(260, 5, 3, 1),
(260, 5, 2, 2),
(260, 5, 4, 4),
(261, 1, 5, 4),
(261, 2, 3, 3),
(261, 3, 1, 4),
(261, 4, 3, 3),
(261, 5, 4, 3),
(261, 5, 5, 2),
(261, 5, 4, 1),
(261, 5, 1, 1),
(261, 5, 2, 3),
(262, 1, 3, 4),
(262, 2, 1, 5),
(262, 3, 2, 4),
(262, 4, 1, 4),
(262, 5, 1, 2),
(262, 5, 4, 1),
(262, 5, 4, 5),
(262, 5, 1, 5),
(262, 5, 3, 5),
(263, 1, 4, 4),
(263, 2, 1, 2),
(263, 3, 5, 4),
(263, 4, 1, 3),
(263, 5, 1, 3),
(263, 5, 5, 1),
(263, 5, 4, 2),
(263, 5, 1, 4),
(263, 5, 3, 5),
(264, 1, 2, 4),
(264, 2, 2, 2),
(264, 3, 4, 1),
(264, 4, 5, 3),
(264, 5, 2, 3),
(264, 5, 1, 1),
(264, 5, 3, 2),
(264, 5, 3, 2),
(264, 5, 1, 4),
(265, 1, 3, 2),
(265, 2, 2, 4),
(265, 3, 1, 2),
(265, 4, 5, 2),
(265, 5, 5, 3),
(265, 5, 5, 4),
(265, 5, 3, 1),
(265, 5, 5, 2),
(265, 5, 2, 5),
(266, 1, 2, 2),
(266, 2, 2, 5),
(266, 3, 2, 2),
(266, 4, 3, 4),
(266, 5, 5, 2),
(266, 5, 1, 1),
(266, 5, 2, 2),
(266, 5, 5, 3),
(266, 5, 2, 1),
(267, 1, 3, 5),
(267, 2, 5, 2),
(267, 3, 3, 2),
(267, 4, 4, 5),
(267, 5, 5, 3),
(267, 5, 2, 1),
(267, 5, 1, 1),
(267, 5, 1, 2),
(267, 5, 2, 4),
(268, 1, 1, 3),
(268, 2, 4, 3),
(268, 3, 1, 1),
(268, 4, 4, 1),
(268, 5, 3, 4),
(268, 5, 4, 4),
(268, 5, 4, 5),
(268, 5, 5, 2),
(268, 5, 3, 3),
(269, 1, 2, 3),
(269, 2, 4, 2),
(269, 3, 4, 4),
(269, 4, 3, 4),
(269, 5, 1, 2),
(269, 5, 5, 4),
(269, 5, 4, 5),
(269, 5, 3, 5),
(269, 5, 5, 2),
(270, 1, 5, 3),
(270, 2, 4, 4),
(270, 3, 4, 4),
(270, 4, 5, 4),
(270, 5, 1, 2),
(270, 5, 4, 3),
(270, 5, 1, 5),
(270, 5, 3, 2),
(270, 5, 4, 2),
(271, 1, 4, 2),
(271, 2, 5, 1),
(271, 3, 5, 2),
(271, 4, 2, 5),
(271, 5, 5, 5),
(271, 5, 5, 4),
(271, 5, 3, 1),
(271, 5, 3, 1),
(271, 5, 5, 5),
(272, 1, 2, 3),
(272, 2, 5, 4),
(272, 3, 4, 3),
(272, 4, 3, 5),
(272, 5, 5, 1),
(272, 5, 4, 1),
(272, 5, 4, 5),
(272, 5, 5, 2),
(272, 5, 2, 5),
(273, 1, 3, 1),
(273, 2, 2, 1),
(273, 3, 3, 3),
(273, 4, 1, 2),
(273, 5, 3, 2),
(273, 5, 5, 5),
(273, 5, 4, 4),
(273, 5, 2, 3),
(273, 5, 4, 1),
(274, 1, 1, 3),
(274, 2, 2, 5),
(274, 3, 1, 5),
(274, 4, 2, 4),
(274, 5, 1, 4),
(274, 5, 5, 4),
(274, 5, 2, 3),
(274, 5, 4, 5),
(274, 5, 4, 5),
(275, 1, 1, 2),
(275, 2, 1, 4),
(275, 3, 2, 3),
(275, 4, 1, 1),
(275, 5, 3, 4),
(275, 5, 2, 1),
(275, 5, 1, 1),
(275, 5, 4, 1),
(275, 5, 3, 3),
(276, 1, 4, 3),
(276, 2, 2, 3),
(276, 3, 1, 3),
(276, 4, 1, 4),
(276, 5, 2, 5),
(276, 5, 5, 5),
(276, 5, 2, 4),
(276, 5, 4, 2),
(276, 5, 1, 2),
(277, 1, 2, 5),
(277, 2, 2, 4),
(277, 3, 5, 2),
(277, 4, 3, 3),
(277, 5, 4, 1),
(277, 5, 5, 4),
(277, 5, 5, 3),
(277, 5, 4, 3),
(277, 5, 2, 3),
(278, 1, 2, 1),
(278, 2, 5, 4),
(278, 3, 2, 2),
(278, 4, 5, 5),
(278, 5, 5, 5),
(278, 5, 3, 5),
(278, 5, 1, 1),
(278, 5, 5, 3),
(278, 5, 3, 2),
(279, 1, 3, 4),
(279, 2, 4, 2),
(279, 3, 3, 5),
(279, 4, 3, 1),
(279, 5, 4, 4),
(279, 5, 5, 4),
(279, 5, 1, 1),
(279, 5, 3, 5),
(279, 5, 2, 4),
(280, 1, 4, 2),
(280, 2, 4, 2),
(280, 3, 1, 1),
(280, 4, 2, 1),
(280, 5, 5, 3),
(280, 5, 4, 4),
(280, 5, 1, 3),
(280, 5, 2, 3),
(280, 5, 3, 3),
(281, 1, 5, 1),
(281, 2, 5, 3),
(281, 3, 4, 3),
(281, 4, 5, 4),
(281, 5, 1, 2),
(281, 5, 3, 3),
(281, 5, 2, 2),
(281, 5, 5, 5),
(281, 5, 5, 1),
(282, 1, 4, 1),
(282, 2, 4, 2),
(282, 3, 4, 3),
(282, 4, 3, 2),
(282, 5, 5, 5),
(282, 5, 1, 3),
(282, 5, 4, 3),
(282, 5, 2, 3),
(282, 5, 3, 4),
(283, 1, 1, 2),
(283, 2, 2, 4),
(283, 3, 3, 4),
(283, 4, 3, 3),
(283, 5, 5, 5),
(283, 5, 5, 1),
(283, 5, 3, 3),
(283, 5, 4, 3),
(283, 5, 5, 3),
(284, 1, 5, 2),
(284, 2, 5, 5),
(284, 3, 4, 3),
(284, 4, 3, 4),
(284, 5, 2, 5),
(284, 5, 3, 2),
(284, 5, 1, 1),
(284, 5, 5, 2),
(284, 5, 5, 2),
(285, 1, 2, 5),
(285, 2, 2, 4),
(285, 3, 5, 3),
(285, 4, 1, 4),
(285, 5, 3, 3),
(285, 5, 2, 4),
(285, 5, 1, 1),
(285, 5, 1, 1),
(285, 5, 3, 1),
(286, 1, 3, 2),
(286, 2, 2, 2),
(286, 3, 1, 1),
(286, 4, 2, 3),
(286, 5, 1, 4),
(286, 5, 5, 5),
(286, 5, 5, 3),
(286, 5, 2, 3),
(286, 5, 3, 4),
(287, 1, 3, 2),
(287, 2, 5, 4),
(287, 3, 5, 2),
(287, 4, 5, 4),
(287, 5, 4, 2),
(287, 5, 5, 5),
(287, 5, 3, 5),
(287, 5, 5, 4),
(287, 5, 5, 2),
(288, 1, 5, 5),
(288, 2, 5, 3),
(288, 3, 5, 5),
(288, 4, 5, 4),
(288, 5, 3, 4),
(288, 5, 4, 4),
(288, 5, 4, 3),
(288, 5, 3, 3),
(288, 5, 2, 4),
(289, 1, 3, 2),
(289, 2, 2, 3),
(289, 3, 4, 4),
(289, 4, 5, 3),
(289, 5, 4, 1),
(289, 5, 4, 1),
(289, 5, 5, 1),
(289, 5, 2, 3),
(289, 5, 3, 1),
(290, 1, 2, 2),
(290, 2, 3, 3),
(290, 3, 4, 2),
(290, 4, 5, 5),
(290, 5, 2, 4),
(290, 5, 2, 5),
(290, 5, 1, 2),
(290, 5, 5, 2),
(290, 5, 2, 3),
(291, 1, 3, 4),
(291, 2, 3, 1),
(291, 3, 2, 5),
(291, 4, 4, 4),
(291, 5, 5, 5),
(291, 5, 1, 3),
(291, 5, 5, 4),
(291, 5, 3, 3),
(291, 5, 1, 4),
(292, 1, 3, 5),
(292, 2, 4, 1),
(292, 3, 2, 2),
(292, 4, 5, 2),
(292, 5, 3, 2),
(292, 5, 4, 1),
(292, 5, 5, 2),
(292, 5, 3, 2),
(292, 5, 1, 3),
(293, 1, 2, 3),
(293, 2, 4, 5),
(293, 3, 3, 5),
(293, 4, 1, 2),
(293, 5, 1, 2),
(293, 5, 1, 4),
(293, 5, 3, 3),
(293, 5, 4, 2),
(293, 5, 4, 4),
(294, 1, 5, 5),
(294, 2, 5, 3),
(294, 3, 4, 5),
(294, 4, 5, 1),
(294, 5, 5, 3),
(294, 5, 3, 3),
(294, 5, 3, 3),
(294, 5, 4, 2),
(294, 5, 3, 5),
(295, 1, 3, 5),
(295, 2, 5, 2),
(295, 3, 3, 2),
(295, 4, 2, 3),
(295, 5, 1, 3),
(295, 5, 5, 1),
(295, 5, 5, 1),
(295, 5, 5, 4),
(295, 5, 1, 3),
(296, 1, 5, 1),
(296, 2, 1, 4),
(296, 3, 5, 4),
(296, 4, 3, 3),
(296, 5, 2, 4),
(296, 5, 1, 4),
(296, 5, 2, 5),
(296, 5, 4, 1),
(296, 5, 2, 4),
(297, 1, 5, 4),
(297, 2, 1, 3),
(297, 3, 5, 2),
(297, 4, 5, 2),
(297, 5, 4, 2),
(297, 5, 3, 5),
(297, 5, 4, 1),
(297, 5, 3, 2),
(297, 5, 5, 4),
(298, 1, 3, 3),
(298, 2, 3, 1),
(298, 3, 5, 4),
(298, 4, 1, 1),
(298, 5, 2, 3),
(298, 5, 4, 4),
(298, 5, 1, 3),
(298, 5, 2, 5),
(298, 5, 2, 4),
(299, 1, 2, 3),
(299, 2, 5, 5),
(299, 3, 2, 1),
(299, 4, 1, 4),
(299, 5, 1, 1),
(299, 5, 3, 1),
(299, 5, 5, 2),
(299, 5, 3, 5),
(299, 5, 4, 2),
(300, 1, 1, 4),
(300, 2, 4, 2),
(300, 3, 4, 4),
(300, 4, 1, 2),
(300, 5, 3, 5),
(300, 5, 1, 5),
(300, 5, 5, 1),
(300, 5, 1, 2),
(300, 5, 3, 1),
(301, 1, 2, 5),
(301, 2, 4, 4),
(301, 3, 3, 4),
(301, 4, 1, 2),
(301, 5, 4, 1),
(301, 5, 4, 5),
(301, 5, 5, 3),
(301, 5, 2, 5),
(301, 5, 5, 5),
(302, 1, 2, 2),
(302, 2, 3, 1),
(302, 3, 3, 4),
(302, 4, 4, 3),
(302, 5, 5, 1),
(302, 5, 3, 2),
(302, 5, 3, 3),
(302, 5, 1, 2),
(302, 5, 4, 4),
(303, 1, 3, 2),
(303, 2, 5, 3),
(303, 3, 4, 4),
(303, 4, 1, 5),
(303, 5, 4, 5),
(303, 5, 5, 4),
(303, 5, 5, 4),
(303, 5, 5, 4),
(303, 5, 2, 5),
(304, 1, 5, 4),
(304, 2, 2, 4),
(304, 3, 5, 5),
(304, 4, 3, 4),
(304, 5, 2, 5),
(304, 5, 3, 3),
(304, 5, 2, 5),
(304, 5, 2, 2),
(304, 5, 4, 2),
(305, 1, 3, 3),
(305, 2, 3, 3),
(305, 3, 2, 1),
(305, 4, 4, 2),
(305, 5, 3, 1),
(305, 5, 2, 5),
(305, 5, 3, 1),
(305, 5, 2, 2),
(305, 5, 4, 1),
(306, 1, 3, 2),
(306, 2, 3, 4),
(306, 3, 2, 2),
(306, 4, 3, 1),
(306, 5, 2, 5),
(306, 5, 3, 3),
(306, 5, 3, 4),
(306, 5, 5, 2),
(306, 5, 1, 3),
(307, 1, 2, 1),
(307, 2, 5, 2),
(307, 3, 4, 5),
(307, 4, 3, 1),
(307, 5, 2, 2),
(307, 5, 5, 5),
(307, 5, 4, 3),
(307, 5, 4, 2),
(307, 5, 3, 1),
(308, 1, 1, 1),
(308, 2, 4, 1),
(308, 3, 4, 1),
(308, 4, 4, 4),
(308, 5, 2, 3),
(308, 5, 1, 4),
(308, 5, 1, 4),
(308, 5, 3, 1),
(308, 5, 2, 4),
(309, 1, 1, 4),
(309, 2, 5, 4),
(309, 3, 4, 3),
(309, 4, 3, 4),
(309, 5, 2, 5),
(309, 5, 3, 2),
(309, 5, 3, 2),
(309, 5, 1, 5),
(309, 5, 2, 4),
(310, 1, 4, 5),
(310, 2, 3, 1),
(310, 3, 4, 1),
(310, 4, 5, 3),
(310, 5, 5, 5),
(310, 5, 3, 5),
(310, 5, 2, 4),
(310, 5, 2, 3),
(310, 5, 4, 3),
(311, 1, 2, 3),
(311, 2, 4, 5),
(311, 3, 2, 4),
(311, 4, 5, 1),
(311, 5, 1, 4),
(311, 5, 5, 1),
(311, 5, 3, 5),
(311, 5, 4, 4),
(311, 5, 1, 2),
(312, 1, 2, 4),
(312, 2, 5, 5),
(312, 3, 2, 3),
(312, 4, 4, 1),
(312, 5, 5, 4),
(312, 5, 1, 1),
(312, 5, 5, 2),
(312, 5, 3, 4),
(312, 5, 2, 2),
(313, 1, 5, 5),
(313, 2, 1, 3),
(313, 3, 4, 5),
(313, 4, 3, 3),
(313, 5, 3, 1),
(313, 5, 1, 2),
(313, 5, 4, 3),
(313, 5, 4, 5),
(313, 5, 3, 3),
(314, 1, 2, 4),
(314, 2, 3, 1),
(314, 3, 1, 3),
(314, 4, 2, 3),
(314, 5, 5, 5),
(314, 5, 1, 2),
(314, 5, 1, 1),
(314, 5, 3, 1),
(314, 5, 2, 1),
(315, 1, 2, 5),
(315, 2, 4, 5),
(315, 3, 5, 4),
(315, 4, 4, 3),
(315, 5, 4, 2),
(315, 5, 2, 4),
(315, 5, 2, 2),
(315, 5, 2, 1),
(315, 5, 5, 3),
(316, 1, 2, 1),
(316, 2, 3, 4),
(316, 3, 4, 3),
(316, 4, 4, 5),
(316, 5, 5, 1),
(316, 5, 3, 3),
(316, 5, 3, 3),
(316, 5, 5, 2),
(316, 5, 3, 2),
(317, 1, 3, 3),
(317, 2, 3, 3),
(317, 3, 5, 3),
(317, 4, 5, 3),
(317, 5, 2, 4),
(317, 5, 4, 4),
(317, 5, 3, 4),
(317, 5, 5, 2),
(317, 5, 5, 2),
(318, 1, 3, 3),
(318, 2, 5, 2),
(318, 3, 2, 3),
(318, 4, 3, 5),
(318, 5, 1, 1),
(318, 5, 4, 1),
(318, 5, 4, 1),
(318, 5, 1, 2),
(318, 5, 4, 4),
(319, 1, 2, 2),
(319, 2, 3, 4),
(319, 3, 3, 5),
(319, 4, 4, 2),
(319, 5, 3, 2),
(319, 5, 3, 5),
(319, 5, 1, 1),
(319, 5, 1, 2),
(319, 5, 5, 2),
(320, 1, 4, 4),
(320, 2, 3, 4),
(320, 3, 2, 3),
(320, 4, 2, 2),
(320, 5, 4, 3),
(320, 5, 5, 1),
(320, 5, 2, 3),
(320, 5, 2, 3),
(320, 5, 2, 2),
(321, 1, 4, 2),
(321, 2, 5, 4),
(321, 3, 1, 2),
(321, 4, 4, 5),
(321, 5, 4, 1),
(321, 5, 4, 4),
(321, 5, 2, 3),
(321, 5, 4, 1),
(321, 5, 3, 4),
(322, 1, 5, 1),
(322, 2, 1, 3),
(322, 3, 3, 3),
(322, 4, 5, 3),
(322, 5, 3, 3),
(322, 5, 2, 4),
(322, 5, 4, 2),
(322, 5, 1, 4),
(322, 5, 3, 3),
(323, 1, 1, 2),
(323, 2, 5, 1),
(323, 3, 5, 2),
(323, 4, 5, 1),
(323, 5, 5, 5),
(323, 5, 5, 4),
(323, 5, 4, 4),
(323, 5, 3, 5),
(323, 5, 2, 3),
(324, 1, 4, 4),
(324, 2, 3, 1),
(324, 3, 3, 3),
(324, 4, 3, 5),
(324, 5, 2, 2),
(324, 5, 1, 1),
(324, 5, 1, 4),
(324, 5, 3, 1),
(324, 5, 1, 4),
(325, 1, 5, 4),
(325, 2, 3, 5),
(325, 3, 2, 2),
(325, 4, 3, 5),
(325, 5, 5, 4),
(325, 5, 5, 5),
(325, 5, 1, 3),
(325, 5, 1, 3),
(325, 5, 2, 4),
(326, 1, 1, 2),
(326, 2, 3, 5),
(326, 3, 1, 5),
(326, 4, 3, 2),
(326, 5, 5, 5),
(326, 5, 4, 3),
(326, 5, 1, 2),
(326, 5, 5, 2),
(326, 5, 3, 2),
(327, 1, 4, 4),
(327, 2, 5, 4),
(327, 3, 5, 2),
(327, 4, 4, 5),
(327, 5, 2, 2),
(327, 5, 4, 5),
(327, 5, 4, 5),
(327, 5, 2, 3),
(327, 5, 5, 5),
(328, 1, 4, 3),
(328, 2, 1, 2),
(328, 3, 3, 3),
(328, 4, 3, 4),
(328, 5, 1, 2),
(328, 5, 5, 5),
(328, 5, 1, 5),
(328, 5, 2, 1),
(328, 5, 4, 3),
(329, 1, 1, 4),
(329, 2, 1, 4),
(329, 3, 5, 2),
(329, 4, 4, 5),
(329, 5, 4, 5),
(329, 5, 3, 1),
(329, 5, 5, 5),
(329, 5, 2, 5),
(329, 5, 2, 4),
(330, 1, 2, 4),
(330, 2, 2, 5),
(330, 3, 4, 2),
(330, 4, 1, 5),
(330, 5, 3, 3),
(330, 5, 5, 2),
(330, 5, 5, 1),
(330, 5, 2, 2),
(330, 5, 4, 2),
(331, 1, 4, 3),
(331, 2, 4, 2),
(331, 3, 2, 3),
(331, 4, 4, 4),
(331, 5, 2, 1),
(331, 5, 3, 2),
(331, 5, 5, 2),
(331, 5, 2, 3),
(331, 5, 5, 5),
(332, 1, 3, 3),
(332, 2, 4, 2),
(332, 3, 5, 1),
(332, 4, 2, 1),
(332, 5, 3, 4),
(332, 5, 1, 2),
(332, 5, 1, 3),
(332, 5, 3, 5),
(332, 5, 5, 2),
(333, 1, 3, 1),
(333, 2, 2, 2),
(333, 3, 4, 3),
(333, 4, 3, 2),
(333, 5, 3, 1),
(333, 5, 2, 5),
(333, 5, 2, 3),
(333, 5, 3, 2),
(333, 5, 4, 5),
(334, 1, 3, 4),
(334, 2, 4, 3),
(334, 3, 5, 2),
(334, 4, 4, 5),
(334, 5, 1, 3),
(334, 5, 2, 4),
(334, 5, 2, 1),
(334, 5, 5, 2),
(334, 5, 5, 1),
(335, 1, 3, 5),
(335, 2, 2, 5),
(335, 3, 3, 2),
(335, 4, 2, 3),
(335, 5, 2, 3),
(335, 5, 4, 3),
(335, 5, 2, 3),
(335, 5, 4, 4),
(335, 5, 2, 1),
(336, 1, 4, 5),
(336, 2, 1, 3),
(336, 3, 5, 2),
(336, 4, 4, 5),
(336, 5, 2, 2),
(336, 5, 3, 5),
(336, 5, 2, 4),
(336, 5, 4, 2),
(336, 5, 5, 4),
(337, 1, 5, 2),
(337, 2, 1, 3),
(337, 3, 5, 1),
(337, 4, 2, 4),
(337, 5, 5, 5),
(337, 5, 4, 4),
(337, 5, 1, 2),
(337, 5, 3, 2),
(337, 5, 5, 5),
(338, 1, 3, 4),
(338, 2, 3, 5),
(338, 3, 5, 4),
(338, 4, 4, 4),
(338, 5, 3, 1),
(338, 5, 1, 3),
(338, 5, 1, 5),
(338, 5, 3, 1),
(338, 5, 2, 1),
(339, 1, 3, 5),
(339, 2, 1, 4),
(339, 3, 2, 4),
(339, 4, 2, 3),
(339, 5, 4, 2),
(339, 5, 1, 2),
(339, 5, 4, 1),
(339, 5, 1, 1),
(339, 5, 5, 1),
(340, 1, 5, 3),
(340, 2, 2, 1),
(340, 3, 2, 4),
(340, 4, 3, 1),
(340, 5, 4, 5),
(340, 5, 1, 2),
(340, 5, 2, 2),
(340, 5, 2, 3),
(340, 5, 4, 1),
(341, 1, 4, 2),
(341, 2, 4, 2),
(341, 3, 2, 4),
(341, 4, 3, 3),
(341, 5, 1, 1),
(341, 5, 4, 1),
(341, 5, 5, 2),
(341, 5, 1, 5),
(341, 5, 3, 1),
(342, 1, 3, 2),
(342, 2, 4, 5),
(342, 3, 3, 3),
(342, 4, 3, 1),
(342, 5, 1, 3),
(342, 5, 1, 4),
(342, 5, 3, 2),
(342, 5, 2, 2),
(342, 5, 4, 5),
(343, 1, 3, 1),
(343, 2, 4, 5),
(343, 3, 3, 1),
(343, 4, 1, 2),
(343, 5, 3, 5),
(343, 5, 2, 4),
(343, 5, 1, 2),
(343, 5, 2, 4),
(343, 5, 5, 4),
(344, 1, 2, 1),
(344, 2, 2, 5),
(344, 3, 2, 4),
(344, 4, 3, 5),
(344, 5, 2, 3),
(344, 5, 3, 1),
(344, 5, 1, 4),
(344, 5, 4, 5),
(344, 5, 1, 1),
(345, 1, 5, 4),
(345, 2, 4, 5),
(345, 3, 4, 1),
(345, 4, 3, 2),
(345, 5, 5, 1),
(345, 5, 3, 2),
(345, 5, 5, 3),
(345, 5, 2, 5),
(345, 5, 4, 5),
(346, 1, 1, 1),
(346, 2, 5, 1),
(346, 3, 3, 2),
(346, 4, 5, 1),
(346, 5, 1, 3),
(346, 5, 4, 1),
(346, 5, 3, 5),
(346, 5, 5, 3),
(346, 5, 1, 1),
(347, 1, 5, 1),
(347, 2, 2, 5),
(347, 3, 1, 2),
(347, 4, 1, 2),
(347, 5, 3, 2),
(347, 5, 2, 4),
(347, 5, 1, 5),
(347, 5, 5, 5),
(347, 5, 3, 5),
(348, 1, 5, 4),
(348, 2, 1, 2),
(348, 3, 4, 2),
(348, 4, 2, 4),
(348, 5, 5, 2),
(348, 5, 5, 5),
(348, 5, 2, 1),
(348, 5, 5, 4),
(348, 5, 4, 5),
(349, 1, 5, 3),
(349, 2, 1, 2),
(349, 3, 1, 4),
(349, 4, 1, 1),
(349, 5, 1, 4),
(349, 5, 5, 2),
(349, 5, 2, 3),
(349, 5, 3, 4),
(349, 5, 2, 3),
(350, 1, 5, 4),
(350, 2, 4, 3),
(350, 3, 1, 5),
(350, 4, 2, 1),
(350, 5, 1, 3),
(350, 5, 5, 3),
(350, 5, 4, 4),
(350, 5, 5, 2),
(350, 5, 2, 4),
(351, 1, 1, 3),
(351, 2, 5, 1),
(351, 3, 3, 5),
(351, 4, 4, 3),
(351, 5, 1, 4),
(351, 5, 1, 2),
(351, 5, 2, 5),
(351, 5, 5, 1),
(351, 5, 2, 5),
(352, 1, 1, 1),
(352, 2, 1, 2),
(352, 3, 2, 2),
(352, 4, 2, 5),
(352, 5, 2, 2),
(352, 5, 4, 3),
(352, 5, 3, 1),
(352, 5, 5, 2),
(352, 5, 1, 4),
(353, 1, 3, 2),
(353, 2, 5, 2),
(353, 3, 3, 3),
(353, 4, 3, 2),
(353, 5, 5, 4),
(353, 5, 4, 3),
(353, 5, 5, 5),
(353, 5, 2, 1),
(353, 5, 1, 5),
(354, 1, 4, 1),
(354, 2, 1, 5),
(354, 3, 1, 5),
(354, 4, 1, 4),
(354, 5, 2, 5),
(354, 5, 1, 5),
(354, 5, 2, 3),
(354, 5, 3, 3),
(354, 5, 5, 3),
(355, 1, 5, 5),
(355, 2, 1, 2),
(355, 3, 1, 1),
(355, 4, 3, 5),
(355, 5, 3, 3),
(355, 5, 5, 1),
(355, 5, 2, 4),
(355, 5, 1, 4),
(355, 5, 4, 2),
(356, 1, 3, 5),
(356, 2, 1, 4),
(356, 3, 1, 3),
(356, 4, 4, 5),
(356, 5, 2, 2),
(356, 5, 3, 1),
(356, 5, 4, 4),
(356, 5, 1, 1),
(356, 5, 1, 1),
(357, 1, 1, 2),
(357, 2, 1, 1),
(357, 3, 1, 1),
(357, 4, 5, 4),
(357, 5, 2, 2),
(357, 5, 1, 2),
(357, 5, 5, 1),
(357, 5, 4, 3),
(357, 5, 4, 2),
(358, 1, 3, 5),
(358, 2, 5, 4),
(358, 3, 5, 1),
(358, 4, 5, 1),
(358, 5, 5, 5),
(358, 5, 1, 2),
(358, 5, 4, 3),
(358, 5, 4, 5),
(358, 5, 1, 2),
(359, 1, 5, 2),
(359, 2, 3, 4),
(359, 3, 3, 1),
(359, 4, 3, 4),
(359, 5, 3, 3),
(359, 5, 2, 2),
(359, 5, 4, 3),
(359, 5, 5, 2),
(359, 5, 4, 1),
(360, 1, 2, 2),
(360, 2, 5, 2),
(360, 3, 3, 2),
(360, 4, 3, 4),
(360, 5, 4, 2),
(360, 5, 1, 5),
(360, 5, 3, 3),
(360, 5, 1, 5),
(360, 5, 1, 2),
(361, 1, 3, 2),
(361, 2, 1, 3),
(361, 3, 5, 4),
(361, 4, 3, 1),
(361, 5, 2, 4),
(361, 5, 3, 2),
(361, 5, 1, 2),
(361, 5, 1, 3),
(361, 5, 2, 2),
(362, 1, 4, 1),
(362, 2, 5, 4),
(362, 3, 3, 2),
(362, 4, 2, 1),
(362, 5, 5, 5),
(362, 5, 3, 3),
(362, 5, 3, 2),
(362, 5, 5, 4),
(362, 5, 3, 5),
(363, 1, 2, 5),
(363, 2, 3, 5),
(363, 3, 3, 4),
(363, 4, 3, 4),
(363, 5, 4, 5),
(363, 5, 1, 1),
(363, 5, 5, 5),
(363, 5, 2, 4),
(363, 5, 5, 2),
(364, 1, 4, 2),
(364, 2, 5, 1),
(364, 3, 2, 2),
(364, 4, 1, 2),
(364, 5, 2, 4),
(364, 5, 4, 1),
(364, 5, 3, 5),
(364, 5, 3, 1),
(364, 5, 5, 2),
(365, 1, 2, 2),
(365, 2, 2, 2),
(365, 3, 3, 4),
(365, 4, 4, 2),
(365, 5, 4, 1),
(365, 5, 3, 2),
(365, 5, 2, 5),
(365, 5, 3, 2),
(365, 5, 1, 2),
(366, 1, 3, 5),
(366, 2, 2, 2),
(366, 3, 5, 5),
(366, 4, 3, 1),
(366, 5, 4, 3),
(366, 5, 1, 2),
(366, 5, 2, 5),
(366, 5, 1, 3),
(366, 5, 5, 2),
(367, 1, 4, 4),
(367, 2, 2, 2),
(367, 3, 4, 2),
(367, 4, 4, 3),
(367, 5, 2, 3),
(367, 5, 3, 1),
(367, 5, 3, 3),
(367, 5, 5, 3),
(367, 5, 1, 5),
(368, 1, 2, 5),
(368, 2, 3, 5),
(368, 3, 3, 4),
(368, 4, 3, 5),
(368, 5, 2, 4),
(368, 5, 1, 5),
(368, 5, 3, 5),
(368, 5, 5, 4),
(368, 5, 2, 3),
(369, 1, 2, 1),
(369, 2, 5, 3),
(369, 3, 3, 3),
(369, 4, 4, 3),
(369, 5, 3, 5),
(369, 5, 4, 3),
(369, 5, 4, 5),
(369, 5, 1, 5),
(369, 5, 4, 4),
(370, 1, 4, 2),
(370, 2, 5, 2),
(370, 3, 4, 3),
(370, 4, 4, 4),
(370, 5, 1, 5),
(370, 5, 5, 1),
(370, 5, 1, 4),
(370, 5, 1, 2),
(370, 5, 5, 4),
(371, 1, 1, 2),
(371, 2, 2, 5),
(371, 3, 5, 4),
(371, 4, 2, 1),
(371, 5, 1, 5),
(371, 5, 3, 4),
(371, 5, 5, 2),
(371, 5, 1, 5),
(371, 5, 5, 1),
(372, 1, 1, 1),
(372, 2, 1, 1),
(372, 3, 2, 4),
(372, 4, 5, 5),
(372, 5, 1, 1),
(372, 5, 4, 5),
(372, 5, 5, 2),
(372, 5, 3, 4),
(372, 5, 5, 4),
(373, 1, 3, 3),
(373, 2, 3, 3),
(373, 3, 5, 5),
(373, 4, 4, 5),
(373, 5, 2, 1),
(373, 5, 1, 1),
(373, 5, 3, 1),
(373, 5, 1, 4),
(373, 5, 1, 5),
(374, 1, 2, 1),
(374, 2, 4, 4),
(374, 3, 4, 3),
(374, 4, 5, 1),
(374, 5, 1, 3),
(374, 5, 3, 3),
(374, 5, 3, 2),
(374, 5, 5, 3),
(374, 5, 1, 5),
(375, 1, 5, 5),
(375, 2, 2, 4),
(375, 3, 4, 1),
(375, 4, 1, 5),
(375, 5, 3, 2),
(375, 5, 3, 4),
(375, 5, 1, 4),
(375, 5, 1, 1),
(375, 5, 2, 5),
(376, 1, 1, 3),
(376, 2, 5, 2),
(376, 3, 1, 5),
(376, 4, 3, 2),
(376, 5, 1, 1),
(376, 5, 4, 4),
(376, 5, 5, 1),
(376, 5, 5, 5),
(376, 5, 1, 3),
(377, 1, 4, 1),
(377, 2, 3, 4),
(377, 3, 3, 4),
(377, 4, 5, 1),
(377, 5, 5, 5),
(377, 5, 1, 2),
(377, 5, 2, 5),
(377, 5, 3, 3),
(377, 5, 3, 2),
(378, 1, 3, 1),
(378, 2, 5, 5),
(378, 3, 2, 1),
(378, 4, 1, 1),
(378, 5, 3, 4),
(378, 5, 1, 3),
(378, 5, 1, 4),
(378, 5, 5, 4),
(378, 5, 4, 2),
(379, 1, 5, 2),
(379, 2, 3, 2),
(379, 3, 1, 3),
(379, 4, 5, 5),
(379, 5, 5, 4),
(379, 5, 1, 4),
(379, 5, 5, 3),
(379, 5, 2, 2),
(379, 5, 1, 1),
(380, 1, 5, 5),
(380, 2, 5, 1),
(380, 3, 4, 3),
(380, 4, 1, 1),
(380, 5, 4, 2),
(380, 5, 3, 4),
(380, 5, 2, 3),
(380, 5, 5, 3),
(380, 5, 5, 2),
(381, 1, 3, 2),
(381, 2, 3, 5),
(381, 3, 1, 2),
(381, 4, 2, 1),
(381, 5, 5, 3),
(381, 5, 1, 2),
(381, 5, 2, 1),
(381, 5, 1, 3),
(381, 5, 4, 4),
(382, 1, 2, 5),
(382, 2, 1, 3),
(382, 3, 2, 1),
(382, 4, 5, 3),
(382, 5, 1, 5),
(382, 5, 5, 5),
(382, 5, 1, 3),
(382, 5, 1, 2),
(382, 5, 4, 3),
(383, 1, 1, 3),
(383, 2, 1, 4),
(383, 3, 1, 4),
(383, 4, 5, 5),
(383, 5, 4, 5),
(383, 5, 3, 1),
(383, 5, 3, 1),
(383, 5, 4, 3),
(383, 5, 4, 1),
(384, 1, 5, 1),
(384, 2, 5, 5),
(384, 3, 5, 2),
(384, 4, 5, 5),
(384, 5, 4, 4),
(384, 5, 3, 3),
(384, 5, 2, 1),
(384, 5, 3, 1),
(384, 5, 1, 1),
(385, 1, 3, 2),
(385, 2, 1, 5),
(385, 3, 4, 3),
(385, 4, 5, 1),
(385, 5, 3, 4),
(385, 5, 1, 2),
(385, 5, 2, 4),
(385, 5, 4, 3),
(385, 5, 1, 5),
(386, 1, 1, 4),
(386, 2, 5, 2),
(386, 3, 1, 4),
(386, 4, 4, 1),
(386, 5, 2, 5),
(386, 5, 1, 3),
(386, 5, 4, 4),
(386, 5, 3, 5),
(386, 5, 1, 2),
(387, 1, 4, 4),
(387, 2, 1, 1),
(387, 3, 2, 4),
(387, 4, 1, 1),
(387, 5, 4, 4),
(387, 5, 5, 3),
(387, 5, 4, 1),
(387, 5, 3, 4),
(387, 5, 3, 2),
(388, 1, 1, 5),
(388, 2, 5, 4),
(388, 3, 1, 1),
(388, 4, 3, 1),
(388, 5, 4, 1),
(388, 5, 4, 4),
(388, 5, 2, 1),
(388, 5, 2, 2),
(388, 5, 3, 3),
(389, 1, 1, 1),
(389, 2, 3, 1),
(389, 3, 1, 5),
(389, 4, 1, 4),
(389, 5, 2, 5),
(389, 5, 1, 5),
(389, 5, 1, 4),
(389, 5, 1, 4),
(389, 5, 4, 1),
(390, 1, 4, 4),
(390, 2, 5, 4),
(390, 3, 5, 2),
(390, 4, 2, 4),
(390, 5, 2, 3),
(390, 5, 3, 3),
(390, 5, 3, 2),
(390, 5, 1, 5),
(390, 5, 5, 3),
(391, 1, 5, 5),
(391, 2, 1, 1),
(391, 3, 2, 4),
(391, 4, 4, 2),
(391, 5, 2, 1),
(391, 5, 3, 2),
(391, 5, 5, 2),
(391, 5, 3, 3),
(391, 5, 2, 2),
(392, 1, 3, 3),
(392, 2, 2, 1),
(392, 3, 1, 2),
(392, 4, 5, 1),
(392, 5, 5, 3),
(392, 5, 2, 5),
(392, 5, 4, 3),
(392, 5, 4, 3),
(392, 5, 4, 2),
(393, 1, 2, 3),
(393, 2, 5, 2),
(393, 3, 4, 1),
(393, 4, 1, 3),
(393, 5, 4, 1),
(393, 5, 2, 3),
(393, 5, 2, 1),
(393, 5, 1, 1),
(393, 5, 3, 4),
(394, 1, 5, 2),
(394, 2, 1, 1),
(394, 3, 2, 5),
(394, 4, 5, 2),
(394, 5, 2, 3),
(394, 5, 1, 4),
(394, 5, 1, 2),
(394, 5, 1, 5),
(394, 5, 5, 1),
(395, 1, 2, 4),
(395, 2, 2, 2),
(395, 3, 4, 2),
(395, 4, 2, 2),
(395, 5, 3, 2),
(395, 5, 1, 1),
(395, 5, 5, 1),
(395, 5, 4, 3),
(395, 5, 5, 1),
(396, 1, 3, 4),
(396, 2, 2, 2),
(396, 3, 1, 2),
(396, 4, 2, 5),
(396, 5, 5, 1),
(396, 5, 5, 2),
(396, 5, 4, 1),
(396, 5, 5, 1),
(396, 5, 1, 3),
(397, 1, 3, 4),
(397, 2, 3, 3),
(397, 3, 3, 4),
(397, 4, 1, 5),
(397, 5, 1, 5),
(397, 5, 4, 4),
(397, 5, 3, 4),
(397, 5, 2, 4),
(397, 5, 4, 1),
(398, 1, 1, 1),
(398, 2, 5, 5),
(398, 3, 1, 3),
(398, 4, 5, 1),
(398, 5, 1, 3),
(398, 5, 2, 2),
(398, 5, 3, 4),
(398, 5, 3, 4),
(398, 5, 5, 2),
(399, 1, 3, 5),
(399, 2, 4, 3),
(399, 3, 4, 3),
(399, 4, 4, 2),
(399, 5, 4, 1),
(399, 5, 5, 1),
(399, 5, 3, 1),
(399, 5, 2, 2),
(399, 5, 5, 5),
(400, 1, 5, 1),
(400, 2, 1, 2),
(400, 3, 2, 5),
(400, 4, 4, 4),
(400, 5, 1, 3),
(400, 5, 1, 2),
(400, 5, 2, 4),
(400, 5, 3, 4),
(400, 5, 5, 5),
(401, 1, 4, 2),
(401, 2, 2, 2),
(401, 3, 1, 3),
(401, 4, 2, 5),
(401, 5, 3, 5),
(401, 5, 4, 5),
(401, 5, 5, 3),
(401, 5, 5, 2),
(401, 5, 4, 2),
(402, 1, 5, 4),
(402, 2, 5, 3),
(402, 3, 2, 3),
(402, 4, 5, 5),
(402, 5, 4, 1),
(402, 5, 5, 3),
(402, 5, 2, 1),
(402, 5, 3, 5),
(402, 5, 2, 3),
(403, 1, 5, 1),
(403, 2, 4, 5),
(403, 3, 4, 4),
(403, 4, 4, 5),
(403, 5, 1, 5),
(403, 5, 1, 2),
(403, 5, 2, 3),
(403, 5, 1, 4),
(403, 5, 3, 5),
(404, 1, 2, 5),
(404, 2, 5, 4),
(404, 3, 5, 1),
(404, 4, 3, 5),
(404, 5, 4, 2),
(404, 5, 1, 2),
(404, 5, 5, 4),
(404, 5, 3, 4);
INSERT INTO `run_weapon` (`run_id`, `weapon_id`, `picked`, `seen`) VALUES
(404, 5, 1, 5),
(405, 1, 1, 4),
(405, 2, 4, 2),
(405, 3, 2, 1),
(405, 4, 4, 5),
(405, 5, 3, 5),
(405, 5, 4, 3),
(405, 5, 3, 4),
(405, 5, 2, 2),
(405, 5, 4, 2),
(406, 1, 2, 2),
(406, 2, 3, 2),
(406, 3, 2, 5),
(406, 4, 4, 1),
(406, 5, 3, 5),
(406, 5, 4, 2),
(406, 5, 5, 4),
(406, 5, 3, 4),
(406, 5, 2, 1),
(407, 1, 3, 4),
(407, 2, 2, 1),
(407, 3, 4, 3),
(407, 4, 3, 3),
(407, 5, 3, 4),
(407, 5, 3, 2),
(407, 5, 3, 2),
(407, 5, 4, 3),
(407, 5, 3, 1),
(408, 1, 5, 5),
(408, 2, 4, 4),
(408, 3, 4, 2),
(408, 4, 2, 3),
(408, 5, 4, 1),
(408, 5, 2, 2),
(408, 5, 3, 2),
(408, 5, 2, 2),
(408, 5, 1, 2),
(409, 1, 5, 4),
(409, 2, 5, 5),
(409, 3, 3, 3),
(409, 4, 1, 1),
(409, 5, 1, 5),
(409, 5, 3, 1),
(409, 5, 2, 3),
(409, 5, 4, 4),
(409, 5, 3, 4),
(410, 1, 2, 4),
(410, 2, 1, 3),
(410, 3, 3, 3),
(410, 4, 5, 5),
(410, 5, 3, 1),
(410, 5, 5, 2),
(410, 5, 2, 3),
(410, 5, 2, 3),
(410, 5, 1, 2),
(411, 1, 3, 1),
(411, 2, 3, 4),
(411, 3, 3, 3),
(411, 4, 4, 5),
(411, 5, 4, 5),
(411, 5, 5, 2),
(411, 5, 3, 5),
(411, 5, 4, 5),
(411, 5, 1, 2),
(412, 1, 1, 4),
(412, 2, 2, 5),
(412, 3, 3, 2),
(412, 4, 3, 2),
(412, 5, 1, 5),
(412, 5, 2, 1),
(412, 5, 2, 4),
(412, 5, 3, 4),
(412, 5, 1, 1);

-- --------------------------------------------------------

--
-- Tábla szerkezet ehhez a táblához `user`
--

CREATE TABLE `user` (
  `id` int(5) NOT NULL,
  `username` varchar(20) NOT NULL,
  `email` varchar(340) NOT NULL,
  `hash` varchar(64) NOT NULL,
  `salt` varchar(32) NOT NULL,
  `register_date` datetime NOT NULL DEFAULT current_timestamp()
) ENGINE=InnoDB DEFAULT CHARSET=utf8 COMMENT='Felhasználók adatai ';

--
-- A tábla adatainak kiíratása `user`
--

INSERT INTO `user` (`id`, `username`, `email`, `hash`, `salt`, `register_date`) VALUES
(0, 'admin', 'nagy.illes@students.jedlik.eu', 'd7d026b3d7ffb35c4aec2ed04fa21fbab2d985d2398bc4b7689f87cf911b1228', '563b4957da724e623d12a9225855d1c6', '2022-11-12 17:59:56'),
(1, 'LgXIA', 'LgXIA@guxjlmail.hu', '198b9c618ee54b0d3aa256b91095ea015da38c621fbf90a77aff3cd3f6f2e3b0', '02156ec2fef20a93920ca58e13d40166', '2023-01-01 12:44:45'),
(2, 'GLHPmlazRd', 'GLHPmlazRd@nijlymail.hu', '14534d5190e62e5ce55a19c494bf6f393cd8be02a8fbcb03341f70d7efd2649a', '296f5542c533e0bb3ea44186e179623b', '2023-01-01 12:44:45'),
(3, 'lxJlqsxTZ', 'lxJlqsxTZ@wsxlcmail.hu', '01d3445d5cfd87b3584892460ae6247643abaf64e78b763b466b5120b68cd5ba', 'b030642ecfd7d9cd901d0583c7a80f87', '2023-01-01 12:44:45'),
(4, 'ajnJtzbwwjpE', 'ajnJtzbwwjpE@igakhmail.hu', 'a7a05c788cb33c0782d7b9eabd08c1f2ee84ee82b03dc753645d735a58c2ce34', '416fe92d6d117954fa8dbe009b0d9877', '2023-01-01 12:44:45'),
(5, 'sKUSXmTpGUBoMPg', 'sKUSXmTpGUBoMPg@yomblmail.ro', '398d966bae0299033ccb8afce99c8561abf96fa6bab57309e42a3efbb902e989', '6233d049541007023fe6cb5845134a83', '2023-01-01 12:44:45'),
(6, 'mAiZLuufsoyCrpb', 'mAiZLuufsoyCrpb@ukuqbmail.hu', '66e011c3048fe4e84cb4e8d27ffba75f040a58b44e922eae12d6a41eadcd1eca', 'db96faf51bb500d0964fb96261355d77', '2023-01-01 12:44:45'),
(7, 'YnacMb', 'YnacMb@bzgnamail.ro', 'e734bf0a0ab12fbee0edd34a274b016a095b0d3fcdee6d9e23020e4a9b90ab65', '2178122b062896b9a53c100314bd35c5', '2023-01-01 12:44:45'),
(8, 'GcBCXJHiJOF', 'GcBCXJHiJOF@uipzfmail.com', '203fdc99ebbc5523dad9979c79b3011904e61c465ca272420b0d903bf3af85bb', 'e34fc5541ce20fb01bf66fbb8d499467', '2023-01-01 12:44:45'),
(9, 'xWfubPjlOeanO', 'xWfubPjlOeanO@gtzcgmail.hu', 'a18af8b1e422664d5ff27f7d8489da75d41434dd4f29f1b0f3ab81af91434d1a', 'f6ee7df1ea0595b7d90a87197a4d2237', '2023-01-01 12:44:45'),
(10, 'DXURPyL', 'DXURPyL@zyfesmail.ro', 'dee9f11618d09cda11fe8de60c0a7c9474bbedbe9065483f183e4707774ac5fd', 'be5b6c60ef5a9e720a4427fe536fa694', '2023-01-01 12:44:45'),
(11, 'lFHAD', 'lFHAD@hrftlmail.ro', '1b00cc3ff7c6e315de7976065b8d01f65f13bc64332bbf7de360b06cfa2c2889', '9115888fe31f80da22e095be0b6816b5', '2023-01-01 12:44:45'),
(12, 'XUsNVAqKGTI', 'XUsNVAqKGTI@pzxccmail.ro', '45fc8c3eae0adc15996e7a6880d682b6a7de7d8f840694550f7c5d6582441eca', '28c410ecab8dfab3b49448f8ce89659c', '2023-01-01 12:44:45'),
(13, 'BggFl', 'BggFl@dqxoimail.hu', 'd8c6dd6776df5809d39b9f8d222a584c77641bfa46dd042c69d93f02c3714cd9', '446a92e073f597c3691881f6e15d2395', '2023-01-01 12:44:45'),
(14, 'nSMUEnlPT', 'nSMUEnlPT@fjgsemail.hu', '3173d7f93214eaae033723d6d66c06a2b5b88cd2d2156b4af4647da44fe0b1b3', '129cf60c0748426315a32aa7251f8b01', '2023-01-01 12:44:45'),
(15, 'isJfUgJoZ', 'isJfUgJoZ@pgemxmail.com', '43ac04996b9ca58d1e8ccd3fdd491882b5e8a6a6fffa25563175bc9417b1e4c4', 'de7248464196ac2ec03ecc38788e6629', '2023-01-01 12:44:45'),
(16, 'TWfOGnrd', 'TWfOGnrd@sqtzimail.hu', 'afc63003bad29685c7487a3a509f69f3019aa18575966125bb7ddb4b3323fa1a', '1a9d7eef3744998b188ba853c1f6ad82', '2023-01-01 12:44:45'),
(17, 'njStj', 'njStj@rxkqemail.com', 'c409e7ac8df99252d373c4bf61b8172df281ed7900277eaa7eeac9f166c78309', 'cc2ca40fcafbe7a0372748427c570559', '2023-01-01 12:44:45'),
(18, 'YlnQnYYa', 'YlnQnYYa@vsokmmail.ro', '464f6320699c92d71642047080be442842fc9e4bd53960b76665b1a50334b901', '26e6982455e535d4d7afc7a15b568e1d', '2023-01-01 12:44:45'),
(19, 'WjitShfSiRGQyM', 'WjitShfSiRGQyM@rbpmemail.ro', '061461a5540112dcf62198cf524118eaa11e067848cb919e6d21914fc4be68b1', '2acb0544fe769568482b8a746666a33a', '2023-01-01 12:44:45'),
(20, 'ZVfAvKIDVBhT', 'ZVfAvKIDVBhT@crdmmmail.ro', '11bd9cd67b76392eee96d935c93bd73bb6ecb695e76131a5d221d451f4e376f5', 'f188e6a88285fc42f9c9dbf5f83d38a1', '2023-01-01 12:44:45'),
(21, 'NtHjHHfYNbWo', 'NtHjHHfYNbWo@fyuspmail.hu', 'aadfdb49ea7d92bbc29cfe6c512fb2a54637113483a9769767d389cc89e969b0', 'd4c83362994ec40f18476c8e3cecdc02', '2023-01-01 12:44:45'),
(22, 'PxAnunBoxvzlNX', 'PxAnunBoxvzlNX@lpzlamail.hu', '7939ea8bb30626c08968c3829a10ca77e7dd8731a6421aa7f40ae4da1eb01cd3', '994091cae80f4fd58e6d2afff596c7f8', '2023-01-01 12:44:45'),
(23, 'RAvnhvgnowmF', 'RAvnhvgnowmF@gzfgdmail.ro', 'ff7f6931e2dfa63221c121caa253e7c9aaeb706ffe9dd0282e097377ed739ed1', 'a57f27ff53199b43e77e51e1b9399294', '2023-01-01 12:44:45'),
(24, 'bLJahZNWELpFw', 'bLJahZNWELpFw@xwdpjmail.hu', '5308f161f85f00386cd6f2f4051322040cb32a5188cd1c382fa4065b97367171', '5cf4877f17623bebdb8c1ce18b9a3c5b', '2023-01-01 12:44:45'),
(25, 'BWpHWAVZeTGdVhX', 'BWpHWAVZeTGdVhX@nooojmail.ro', '6d6d7fdaa257e06c3cbdeb6df6a2a6fabf3a86ae4693a2c196a28c8fb234c8b0', 'd66a9a435c5b8743f3f362fc64e3600f', '2023-01-01 12:44:45'),
(26, 'swIwFEkO', 'swIwFEkO@gvgismail.com', '3ffe33c40aeeaed0fe57356b6f9216705be1dde7e73f4b051ee3257501764aa7', 'a8a2d0310c427715466fc599e13fe49c', '2023-01-01 12:44:45'),
(27, 'QIuKosbrh', 'QIuKosbrh@fsruwmail.hu', 'b1700bd62a79e32f372119eb794bedee50ecba5d56b9495a3b73d558f0813959', 'fcc261bca036def8f3f52c1914acfa6e', '2023-01-01 12:44:45'),
(28, 'HZmJxHrIAqr', 'HZmJxHrIAqr@joztpmail.com', 'ba12b3d57bcce0dcead7bde9268ed7e56546948c05b4b92a3be3ee3d5fb8f1bb', 'bd0995c2d47a38d2fdc18872b7036b69', '2023-01-01 12:44:45'),
(29, 'cSCbtCwpPSicN', 'cSCbtCwpPSicN@ohowomail.hu', '02af21b5aad075703b6ddc61dd059a4e10aa31cf3e9c4c0733aa220c6d2cb48c', 'bddae60e443d1fa9b156473d10d58634', '2023-01-01 12:44:45'),
(30, 'SsEaq', 'SsEaq@fncgxmail.ro', '34f909524ec68fb1779d8bd11242c3bfc61bfe9fa2a3843a988c2a8e34d04db4', 'e972b473eddfebdb7d0d8987fba366d2', '2023-01-01 12:44:45'),
(31, 'bbpOLi', 'bbpOLi@kekekmail.hu', '25155a08ad40bbfa5e2a59b905a794ede1c2ff6c1d96eedef480a62d5cc31662', 'b60ce89cdb639e921bc7fcab37a793c0', '2023-01-01 12:44:45'),
(32, 'BWngRm', 'BWngRm@kmpbemail.ro', 'b8b223306122951c32a2abb5ce3d9287a6f586672f4cd5ea8c8c026fcc5732f9', '2493f80470fe98cc19e7caddaae646d1', '2023-01-01 12:44:45'),
(33, 'xjyPThLa', 'xjyPThLa@qrrgimail.ro', 'c27cc8724a7e883aed52cb53ace32e6501d44a8e393783a8770c729feb93b4b3', '3e98f0fe64f5f11893eaa7d03871e404', '2023-01-01 12:44:45'),
(34, 'rZJcfcWjHYlEJ', 'rZJcfcWjHYlEJ@vgshcmail.com', '8551b1546020ed8cecff4521df2bb3f3b73839870389bbf3d90d908e1abce51c', 'ded6a0c39fdff615890f590991769c25', '2023-01-01 12:44:45'),
(35, 'sxBuAyZaFoGqEE', 'sxBuAyZaFoGqEE@zdjvzmail.com', '97e679ea45fa5fb9da0d91ae618ffe7a7208aa936153e1c0daa287df071d930a', '99e269c40173dff16ee4680fa1a620e7', '2023-01-01 12:44:45'),
(36, 'xCOkB', 'xCOkB@lkbvqmail.hu', '45c447e9736391828da1fef46b080570f0884b874a47dcb387deaf9db9c49314', '4c8585b135b49336728b048f18e4e399', '2023-01-01 12:44:45'),
(37, 'fVkcgHczlLjrOm', 'fVkcgHczlLjrOm@fhmuwmail.ro', '167346373bfa65674b851f184f4e0ba2133a315d54e7284971caf9307f7a3b90', '520032567e524f5204469e3bdabb69d9', '2023-01-01 12:44:45'),
(38, 'IkmIWPpCkmFVkiO', 'IkmIWPpCkmFVkiO@zqcbamail.hu', '7b0ef544bc554b49be8388b4d7114f4c10de4230133f3e437e7dad34ae096d4b', 'e3d4ff220d4ff82e09dc21b97eada909', '2023-01-01 12:44:45'),
(39, 'hZRSvfhqViMoI', 'hZRSvfhqViMoI@johrbmail.ro', '067ecab9e4a0e4c95b66c2ca6d15b395608868fa99dfaf45b430e89a3aa94a67', '5ad2d517261dc01aeab251330b27bc6a', '2023-01-01 12:44:45'),
(40, 'AXPkHcPgYAeM', 'AXPkHcPgYAeM@hkomsmail.com', '7b782bb41367d5da2d586e5a6ac8e5c298f7d3856a7759ed6b8bb9cb87113e3f', '3cd79ff14d350f3113d27ceb77f2070f', '2023-01-01 12:44:45'),
(41, 'zHKqAbyAJclG', 'zHKqAbyAJclG@ddgiymail.hu', 'a6be743873caf94dab39375d0b4010d069a47b292b5dc3e34d67ca2c19247c3a', 'fc47c90590569e4e4a0a9fe2d92a6069', '2023-01-01 12:44:45'),
(42, 'WKFUFDRuYMvi', 'WKFUFDRuYMvi@dvqztmail.ro', 'c62a54ac79e060fee2826ca0049e364b6327af11be3046ce6c059037e88980ad', 'ae30b6fef8f40d6502ab5b6d63c73eb7', '2023-01-01 12:44:45'),
(43, 'SuHFGbxig', 'SuHFGbxig@rvcymmail.com', '807d1891be69b4365c3e53c26198faaaccf306f75514f11a56ef652f01a383e7', '45b16fa96071d2ffbf53d65f0d01cc4b', '2023-01-01 12:44:45'),
(44, 'aCJsWDVr', 'aCJsWDVr@wkwxlmail.ro', 'add3f0f5ed444bcb523a9fc346eb44ae81585aa489c10c10a545e74eacb03483', '5b190d9d643fd2f0a5f3e4f478a28590', '2023-01-01 12:44:45'),
(45, 'DEDzGq', 'DEDzGq@zxcazmail.hu', 'e45dfd1962865a9438e32337464b6ca322c3a9a523f0624f9a89555dbd53bd8f', '9ab2b77d272fd86d7a6664e9f626cb3a', '2023-01-01 12:44:45'),
(46, 'bvIgWXsDxNION', 'bvIgWXsDxNION@nllfhmail.ro', 'cf1a6291ec84a5217f3f6b8dfb1a2ebeffa64c8e5cca73c09555ab0c392cca04', '3221784d99a725838d622361d0dc3c81', '2023-01-01 12:44:46'),
(47, 'piSsJIy', 'piSsJIy@tgiwrmail.com', '7ae9248a4c70143bbf3e845a559a71ff6471894684cf6329bdc32229fcd4f250', '9074310eebadf8cdc34ead693358bfe3', '2023-01-01 12:44:46'),
(48, 'pWrIUNAv', 'pWrIUNAv@thazgmail.ro', '6b5339e04ae7704192cd100a6f1e4b2d7086207ef4413994ce6c6cecb26eb1d4', '5cf476a3030f65f53e33972c8200014a', '2023-01-01 12:44:46'),
(49, 'EUdGsG', 'EUdGsG@hdyjxmail.hu', '8e94ecce377da954b3266ff9cb85610c4fad31d7fba3a582042219dd07d35693', '340047039644cc25f8dbeb60566805e5', '2023-01-01 12:44:46'),
(50, 'JbiBiYMtgOe', 'JbiBiYMtgOe@pyyrqmail.com', '97d72520a58758783d110b5619acbf62265024fd4824411057cbe2cbf0d11484', 'fe22cbe3dbb3ca1acbab0c63ed57db96', '2023-01-01 12:44:46'),
(51, 'cvwFSoxFuOgqL', 'cvwFSoxFuOgqL@tzavumail.ro', 'ca1db8744e008910d48267b23f2fc7633b2f520563da2e496da0c9838b8e9bfd', 'ef58556004e4b3627975c679d6244494', '2023-01-01 12:44:46'),
(52, 'YmZqo', 'YmZqo@kvchxmail.com', '81a87adf1d74cac3aea7480277b8cc1827d691af984d3d08cef400355dca916b', '488dca6433ddaa81501c8583e539d324', '2023-01-01 12:44:46'),
(53, 'OVUSzaWed', 'OVUSzaWed@trjkgmail.com', 'e6c468fdb09f7cec676eb688d70ceb90105ef5dc03a4cae7d84d6331c878179a', '735903f6950ee7f64e9598ab831988e3', '2023-01-01 12:44:46'),
(54, 'OBupg', 'OBupg@ebklzmail.com', '62c27d616e9af2b14bf910bcad291f23c568a55fa5cccb6133bc856a1965de95', 'f52e232d5f61b4b3fdb5d9adf7cd5860', '2023-01-01 12:44:46'),
(55, 'KhXGgup', 'KhXGgup@veprfmail.com', 'b71213e578b05296f80a7b2f2cafa1acb71b154bae58f0e94e0fe8971e876166', '60c01fc527d819a09d72572652bdccd0', '2023-01-01 12:44:46'),
(56, 'BbTilxPw', 'BbTilxPw@csjzrmail.hu', 'f3e1a499409cfb0f28e5753765ad2f9dcba39710a313ae511ee511147410fa48', 'b59861f859681ed4b758898b4040f240', '2023-01-01 12:44:46'),
(57, 'tBicpu', 'tBicpu@kelnlmail.ro', 'f3fa778480c5dab2c4c43c0ec17a5c82b229be2c0e0327ebcbbb9fdcc11d5e46', '392f33acc30c22d33bf3ddab9d3d986d', '2023-01-01 12:44:46'),
(58, 'xsItTD', 'xsItTD@rdykrmail.hu', '273b1ef4ee5987591bdf45f332b78b878f814c8b545e787382be9572afd65980', '42032ecceb5cc0c11bfe6e3538d08f16', '2023-01-01 12:44:46'),
(59, 'VDKCuiBWsll', 'VDKCuiBWsll@fbnyymail.hu', 'de0df29f2fbce53748b7f051b259670853a039ed29e7ae18d409391929c46990', '037f13beed25861e56c89d33dfb1f063', '2023-01-01 12:44:46'),
(60, 'hkHPXPqXK', 'hkHPXPqXK@msbfmmail.ro', '092479a55788c35a7e9140a437dec60cd539f0b5b5c4d3c2ff191aaebd510bad', 'a8858d6d5478d8c2e8cfc2d619b46401', '2023-01-01 12:44:46'),
(61, 'cYqKiAfxiemFi', 'cYqKiAfxiemFi@mklwzmail.com', '34ecf9603e97262c3b717529a84e13068eab77cbee94fbf98de56980cb56b88c', '6ea274531487dd352e4f4a1b1e51e60e', '2023-01-01 12:44:46'),
(62, 'xzciPrXUacYCSK', 'xzciPrXUacYCSK@hyxmfmail.com', 'd0755234fac2417580294a9578f42967f0a10ade471342bad1dbbf3a72aed19c', 'b2e46a79125a5452da3dac8ede71a456', '2023-01-01 12:44:46'),
(63, 'hFjXvPnKJfVC', 'hFjXvPnKJfVC@awpzemail.hu', 'f833428df30499dd05ac00509c751acfe3699ffadb9fb40207cfe402b620002b', '0c87a5db7bec67ed31431f711197118e', '2023-01-01 12:44:46'),
(64, 'jCpbjjLDRpCO', 'jCpbjjLDRpCO@mcplimail.hu', '94144e45cdd0e753ce58b24b8fe60964cc0b89e8fe082f2056576001cfc030c9', '3a0bf18ed340a1a77a5a3f9206a4e9f8', '2023-01-01 12:44:46'),
(65, 'KaJVYzIpQXBjvay', 'KaJVYzIpQXBjvay@ocnhtmail.ro', '67a070c363cfaba2081f0d56017e30a402885fbde3f85b27b7f81ec010218751', 'bdf37a66fa614815c5e824b2e899f949', '2023-01-01 12:44:46'),
(66, 'QpqhxpUSXgS', 'QpqhxpUSXgS@matyxmail.com', 'cc337599976ca390552177bb2e55b5e8f6d6512539ca6f56107518ea0efffd7c', '1052bafa7e04abe05e589d254c6c123d', '2023-01-01 12:44:46'),
(67, 'FcoKprxP', 'FcoKprxP@hmoiymail.hu', '3dcaf1267e6a2a7ebca7dc7f484fa1e3e67940617fccbd2f675d8e3869ff5b8e', 'a9cc6d983ba1f50f9598f5bf64fc9935', '2023-01-01 12:44:46'),
(68, 'yXxbvnYwRiON', 'yXxbvnYwRiON@cljfdmail.com', '36882b8bd2553c6a3c34353850d93031794c9399de440d892f0527a24b418607', 'a18e5190db36bfac5f0eac604f724324', '2023-01-01 12:44:46'),
(69, 'HhTnnIMHMnhow', 'HhTnnIMHMnhow@yinusmail.ro', '27d8581539d626741e55354e26af3234f9536bbcbe14b102c12887ca113c0937', '2700b3ce9ba7a405eeb54a2b807eac68', '2023-01-01 12:44:46'),
(70, 'GmfuDeHwYSOdSxD', 'GmfuDeHwYSOdSxD@pozbymail.com', '327a577fab7b769cba1611be541c22272514cabb42210d1ce7793a9d57bfaa76', '694a05f2673ea28ef01fa38c67f5f094', '2023-01-01 12:44:46'),
(71, 'XiTmTMbkGtDyZI', 'XiTmTMbkGtDyZI@lhddnmail.ro', 'ffbdb533e1ee474837dc9192c59a93e75ad7e9339f94d036a3359619576e9598', '8ba7339e5d5ff97d8017254b8905876b', '2023-01-01 12:44:46'),
(72, 'YLPZg', 'YLPZg@tmmhgmail.ro', 'ef54463b72a4ff2be44f6eaf5c821fdcaaac74d9774f9a4d3778b5839eb2f906', 'f07e0c8c7eee916819a69daf3a7b909f', '2023-01-01 12:44:46'),
(73, 'trnPskMCzCwTX', 'trnPskMCzCwTX@ulijymail.ro', '30e844e4bef05c700f3c509cca28a9df6eb401519a4436d501ac3d2709930b7b', '75b0f85446b3ea60f2baabc8fbd3d6e1', '2023-01-01 12:44:46'),
(74, 'ilwAR', 'ilwAR@obhvzmail.ro', '93881bee4ab23d2329f65c2fd1de5296b254e1eccc271fde2dec260b4d1efa0a', '27d4f273814cb5b4b88739340624b89f', '2023-01-01 12:44:46'),
(75, 'GFFEQHA', 'GFFEQHA@kniawmail.ro', '5f102bd8da67349f2e4d9cc56bd24eb3ed6658586dd41410d2528f827801594f', 'f2857a55fd1309cd09961616a452b88e', '2023-01-01 12:44:46'),
(76, 'jdQYmon', 'jdQYmon@aygjamail.ro', '264d2aba1d93fefdf4fb5538e47bacc4201f9e1ffc368ac1db5b724f2b613347', '45c43eb94e168a3c829be24d6843c2e3', '2023-01-01 12:44:46'),
(77, 'uSRTjWPri', 'uSRTjWPri@kxdtjmail.com', '7e12145a616395c1a931c93ef4ab2bab2ca0a419f380f5016ad5f69b5b9296a4', 'ab222e12e58f1932acfe05fb312ecc77', '2023-01-01 12:44:46'),
(78, 'nGLYDCKh', 'nGLYDCKh@sxdqzmail.hu', 'c4216b8f572edd4878866d9601e2cd780e93a0ce3578f2dd75a0b7e23ae86207', '832d9b9bdc201b09b1ce1fcf13c31d9f', '2023-01-01 12:44:46'),
(79, 'sMlWmaD', 'sMlWmaD@zijymmail.hu', 'c488425c49e32c785ba85a42efb7bbc88cd64cddbe15378bf8341332297f4a4e', '19a455160ddb7b4a7dc049dd85317f16', '2023-01-01 12:44:46'),
(80, 'zQcMBZqg', 'zQcMBZqg@wmfegmail.ro', 'e6a26d1c765da4f415bf09f344edb76916332900a9b6aa8dc370189afad59c03', '5c471a2433ed51b7d0acefb3f97f8a1c', '2023-01-01 12:44:46'),
(81, 'JyqTCjFCGZDA', 'JyqTCjFCGZDA@egvctmail.com', '072124b99e10f9e93e259266f8c8fe4aeb2d62f3e2a70675fa0c6dfa9236b4b5', '3bdac1b72d9e121491eeac798efa8a8d', '2023-01-01 12:44:46'),
(82, 'FsyMQcHCUGvhU', 'FsyMQcHCUGvhU@qrobomail.hu', 'd20d4e9992f3db78124c1aad25130f4d0c7ec57d44cff7ca47fab27e97667e93', '1354766e70d0b9e279c154c4119821b2', '2023-01-01 12:44:46'),
(83, 'zSQpb', 'zSQpb@besbdmail.hu', '1e225b7a3eb413ea9f5d2c69214fafc0ab778f1da7621643ea999539a6da219b', '705c5f97b15bc038e6d8a6a899d96953', '2023-01-01 12:44:46'),
(84, 'RwurMqBJ', 'RwurMqBJ@abqgwmail.ro', 'd0a0d7d67f9aeeb685c928ba55b2a231a5e4a286d629d4a0add8bcba1d678852', '93d4cfa98d4f452cf0c9a41a55f4ff9f', '2023-01-01 12:44:46'),
(85, 'DMGxbC', 'DMGxbC@pbhrmmail.ro', 'da2b3c34750351d08326eeda6287f976e4c2d57d51cd6cb9cd23b312e8eeb647', 'f47c0134cc8b3bf88a6f45359372d57d', '2023-01-01 12:44:46'),
(86, 'vDAcaZP', 'vDAcaZP@thxzzmail.hu', '6f4eb3ddb973dfffe606ccd1fa16c966a0c905b5ca53a13ac1cd66d8b2b8281a', '1fac0bae22096ed1b49169d7bad0bbe1', '2023-01-01 12:44:46'),
(87, 'fGdXjxbRzXOp', 'fGdXjxbRzXOp@uctoxmail.ro', '60ecff7bcf8fa3b1a64a7c66e3d8a8ff46c7b7f573e001333ac1e14d1676f545', 'd9e9bc4448ccdad2537d5556d4df35ad', '2023-01-01 12:44:46'),
(88, 'JmmwbPfRNMIyH', 'JmmwbPfRNMIyH@mpqnpmail.hu', '688aaf90dd0b8d08826c3e45d919bc42e1468eb4c73bf3bffa61423333b01066', '0e9b615bccff233a5cfc2d0fe66eaec3', '2023-01-01 12:44:46'),
(89, 'MYOYOG', 'MYOYOG@xhxohmail.com', '01c35af607753b87025b9cbbeb8accaed62dbc97a504953f8f32d4ec88388151', '699ee7d1abf6337523547a3971a79586', '2023-01-01 12:44:46'),
(90, 'iCPwAZuYWEDdx', 'iCPwAZuYWEDdx@vrlagmail.com', '7f617b6847d56aea104892012a70a69aecfb1b24945ea1ff752f53819c1950ea', 'c0b45e6233e2e43e576d84157f8b9704', '2023-01-01 12:44:46'),
(91, 'UukGolAWtlL', 'UukGolAWtlL@btobdmail.ro', '08e6eae96721983f60b1c03d026ae919d171dada33dd8dc4f04e9e0cca51557c', 'fda2b4093668e3ac89da232f670d856b', '2023-01-01 12:44:46'),
(92, 'YETbMR', 'YETbMR@dmjximail.com', 'b73a70cd5dc1ba3249dd04a9a863b4ea1317611167af1c85b033d7f061a76653', 'cd0feea68098b9170fb538b1e40efedb', '2023-01-01 12:44:46'),
(93, 'mGtXd', 'mGtXd@bixbwmail.ro', '31cc86f9abcea6b5efa3dfc0eb35f5b7f06e1bfba812b53572f712ba40334cd2', '2278939030f3ddf611ab654f266238ab', '2023-01-01 12:44:46'),
(94, 'yhwHwYqvaV', 'yhwHwYqvaV@wgjksmail.com', '544e1249c57e820ce84144b0ef63259d206afbfcdfe6cdbece10fe1d09eb4c18', '1ce442e44e91d8991675b0399f38724d', '2023-01-01 12:44:46'),
(95, 'ozCIOjozC', 'ozCIOjozC@xqrypmail.ro', '9c80f7413e64797b1c95451fda3f074d44863b85c60b96e980e2bdc9a9d5d657', '07d4cb3852e57d4b464a07c7e7ac438e', '2023-01-01 12:44:46'),
(96, 'DkRIOmlo', 'DkRIOmlo@timimmail.hu', 'c609838cc3b33855cdf8c1c6d27caae102ed6e71a311d82310bf99c9f45c52b1', 'f6a6d83fc1144479f42dff8ca17d59e9', '2023-01-01 12:44:46'),
(97, 'hzrxxjd', 'hzrxxjd@zzzybmail.hu', 'c4552a4182adaae520a5ba96157547c38450ec83e00b03daa10b1d3196fbbab7', 'd8246bf317e9def63b1cc104ba1f887f', '2023-01-01 12:44:46'),
(98, 'njymLL', 'njymLL@fkbffmail.hu', '8243568b5fdebf652e95dd730cac4a0cff45132de1dcb5d5a81b9e546e80f6b4', 'e797eec8d8a73dbe7230addd329d2fe5', '2023-01-01 12:44:46'),
(99, 'qdqitOnlqkLeZBX', 'qdqitOnlqkLeZBX@vvlzamail.hu', '293306bc2eba4bc60f7eb19de303527c0d48605c208ebb0463ad34040b752b26', 'ac7c1071726b7693d03f6ab7c75de5de', '2023-01-01 12:44:46');

-- --------------------------------------------------------

--
-- Tábla szerkezet ehhez a táblához `user_class`
--

CREATE TABLE `user_class` (
  `user_id` int(11) NOT NULL,
  `class_id` int(11) NOT NULL
) ENGINE=InnoDB DEFAULT CHARSET=utf8;

--
-- A tábla adatainak kiíratása `user_class`
--

INSERT INTO `user_class` (`user_id`, `class_id`) VALUES
(1, 2),
(1, 1),
(2, 2),
(2, 1),
(3, 2),
(3, 1),
(4, 2),
(4, 1),
(5, 2),
(5, 1),
(5, 3),
(6, 2),
(6, 1),
(6, 3),
(7, 2),
(7, 1),
(8, 2),
(8, 1),
(8, 3),
(9, 2),
(9, 1),
(10, 2),
(10, 1),
(10, 3),
(11, 2),
(11, 1),
(11, 3),
(12, 2),
(12, 1),
(13, 2),
(13, 1),
(14, 2),
(14, 1),
(15, 2),
(15, 1),
(15, 3),
(16, 2),
(16, 1),
(16, 3),
(17, 2),
(17, 1),
(17, 3),
(18, 2),
(18, 1),
(18, 3),
(19, 2),
(19, 1),
(19, 3),
(20, 2),
(20, 1),
(21, 2),
(21, 1),
(21, 3),
(22, 2),
(22, 1),
(23, 2),
(23, 1),
(23, 3),
(24, 2),
(24, 1),
(25, 2),
(25, 1),
(25, 3),
(26, 2),
(26, 1),
(26, 3),
(27, 2),
(27, 1),
(27, 3),
(28, 2),
(28, 1),
(29, 2),
(29, 1),
(29, 3),
(30, 2),
(30, 1),
(30, 3),
(31, 2),
(31, 1),
(31, 3),
(32, 2),
(32, 1),
(33, 2),
(33, 1),
(34, 2),
(34, 1),
(35, 2),
(35, 1),
(36, 2),
(36, 1),
(37, 2),
(37, 1),
(38, 2),
(38, 1),
(38, 3),
(39, 2),
(39, 1),
(40, 2),
(40, 1),
(40, 3),
(41, 2),
(41, 1),
(42, 2),
(42, 1),
(42, 3),
(43, 2),
(43, 1),
(43, 3),
(44, 2),
(44, 1),
(45, 2),
(45, 1),
(45, 3),
(46, 2),
(46, 1),
(46, 3),
(47, 2),
(47, 1),
(47, 3),
(48, 2),
(48, 1),
(48, 3),
(49, 2),
(49, 1),
(49, 3),
(50, 2),
(50, 1),
(51, 2),
(51, 1),
(51, 3),
(52, 2),
(52, 1),
(52, 3),
(53, 2),
(53, 1),
(54, 2),
(54, 1),
(55, 2),
(55, 1),
(55, 3),
(56, 2),
(56, 1),
(57, 2),
(57, 1),
(58, 2),
(58, 1),
(58, 3),
(59, 2),
(59, 1),
(60, 2),
(60, 1),
(60, 3),
(61, 2),
(61, 1),
(61, 3),
(62, 2),
(62, 1),
(63, 2),
(63, 1),
(64, 2),
(64, 1),
(64, 3),
(65, 2),
(65, 1),
(65, 3),
(66, 2),
(66, 1),
(66, 3),
(67, 2),
(67, 1),
(68, 2),
(68, 1),
(69, 2),
(69, 1),
(70, 2),
(70, 1),
(70, 3),
(71, 2),
(71, 1),
(71, 3),
(72, 2),
(72, 1),
(73, 2),
(73, 1),
(73, 3),
(74, 2),
(74, 1),
(74, 3),
(75, 2),
(75, 1),
(75, 3),
(76, 2),
(76, 1),
(76, 3),
(77, 2),
(77, 1),
(78, 2),
(78, 1),
(79, 2),
(79, 1),
(80, 2),
(80, 1),
(80, 3),
(81, 2),
(81, 1),
(81, 3),
(82, 2),
(82, 1),
(83, 2),
(83, 1),
(83, 3),
(84, 2),
(84, 1),
(84, 3),
(85, 2),
(85, 1),
(85, 3),
(86, 2),
(86, 1),
(87, 2),
(87, 1),
(88, 2),
(88, 1),
(89, 2),
(89, 1),
(89, 3),
(90, 2),
(90, 1),
(90, 3),
(91, 2),
(91, 1),
(92, 2),
(92, 1),
(93, 2),
(93, 1),
(94, 2),
(94, 1),
(94, 3),
(95, 2),
(95, 1),
(95, 3),
(96, 2),
(96, 1),
(97, 2),
(97, 1),
(98, 2),
(98, 1),
(99, 2),
(99, 1);

-- --------------------------------------------------------

--
-- Tábla szerkezet ehhez a táblához `weapon`
--

CREATE TABLE `weapon` (
  `id` int(10) NOT NULL,
  `name` varchar(30) NOT NULL,
  `damage` float UNSIGNED NOT NULL,
  `attackspeed` float UNSIGNED NOT NULL
) ENGINE=InnoDB DEFAULT CHARSET=utf8;

--
-- A tábla adatainak kiíratása `weapon`
--

INSERT INTO `weapon` (`id`, `name`, `damage`, `attackspeed`) VALUES
(1, 'Katana', 3, 1.5),
(2, 'Spear', 4, 1),
(3, 'Deagle', 6, 0.7),
(4, 'Laser SMG', 1, 3),
(5, 'Shotgun', 1, 0.5);

--
-- Indexek a kiírt táblákhoz
--

--
-- A tábla indexei `artifact`
--
ALTER TABLE `artifact`
  ADD PRIMARY KEY (`id`);

--
-- A tábla indexei `class`
--
ALTER TABLE `class`
  ADD PRIMARY KEY (`id`);

--
-- A tábla indexei `class_artifact`
--
ALTER TABLE `class_artifact`
  ADD KEY `class_artifact_ibfk_1` (`class_id`),
  ADD KEY `class_artifact_ibfk_2` (`artifact_id`);

--
-- A tábla indexei `enemy`
--
ALTER TABLE `enemy`
  ADD PRIMARY KEY (`id`);

--
-- A tábla indexei `eventroom`
--
ALTER TABLE `eventroom`
  ADD PRIMARY KEY (`id`);

--
-- A tábla indexei `run`
--
ALTER TABLE `run`
  ADD PRIMARY KEY (`id`),
  ADD KEY `user_id` (`user_id`),
  ADD KEY `class_id` (`class_id`);

--
-- A tábla indexei `run_artifact`
--
ALTER TABLE `run_artifact`
  ADD KEY `run_id` (`run_id`),
  ADD KEY `artifact_id` (`artifact_id`);

--
-- A tábla indexei `run_enemy`
--
ALTER TABLE `run_enemy`
  ADD KEY `run_id` (`run_id`),
  ADD KEY `enemy_id` (`enemy_id`);

--
-- A tábla indexei `run_eventroom`
--
ALTER TABLE `run_eventroom`
  ADD KEY `run_id` (`run_id`),
  ADD KEY `eventroom_id` (`eventroom_id`);

--
-- A tábla indexei `run_weapon`
--
ALTER TABLE `run_weapon`
  ADD KEY `run_id` (`run_id`),
  ADD KEY `weapon_id` (`weapon_id`);

--
-- A tábla indexei `user`
--
ALTER TABLE `user`
  ADD PRIMARY KEY (`id`),
  ADD UNIQUE KEY `username` (`username`),
  ADD UNIQUE KEY `email` (`email`);

--
-- A tábla indexei `user_class`
--
ALTER TABLE `user_class`
  ADD KEY `user_id` (`user_id`),
  ADD KEY `class_id` (`class_id`);

--
-- A tábla indexei `weapon`
--
ALTER TABLE `weapon`
  ADD PRIMARY KEY (`id`);

--
-- A kiírt táblák AUTO_INCREMENT értéke
--

--
-- AUTO_INCREMENT a táblához `artifact`
--
ALTER TABLE `artifact`
  MODIFY `id` int(11) NOT NULL AUTO_INCREMENT, AUTO_INCREMENT=5;

--
-- AUTO_INCREMENT a táblához `class`
--
ALTER TABLE `class`
  MODIFY `id` int(11) NOT NULL AUTO_INCREMENT, AUTO_INCREMENT=4;

--
-- AUTO_INCREMENT a táblához `enemy`
--
ALTER TABLE `enemy`
  MODIFY `id` int(11) NOT NULL AUTO_INCREMENT, AUTO_INCREMENT=7;

--
-- AUTO_INCREMENT a táblához `eventroom`
--
ALTER TABLE `eventroom`
  MODIFY `id` int(11) NOT NULL AUTO_INCREMENT, AUTO_INCREMENT=6;

--
-- AUTO_INCREMENT a táblához `run`
--
ALTER TABLE `run`
  MODIFY `id` int(10) NOT NULL AUTO_INCREMENT, AUTO_INCREMENT=413;

--
-- AUTO_INCREMENT a táblához `weapon`
--
ALTER TABLE `weapon`
  MODIFY `id` int(10) NOT NULL AUTO_INCREMENT, AUTO_INCREMENT=6;

--
-- Megkötések a kiírt táblákhoz
--

--
-- Megkötések a táblához `class_artifact`
--
ALTER TABLE `class_artifact`
  ADD CONSTRAINT `class_artifact_ibfk_1` FOREIGN KEY (`class_id`) REFERENCES `class` (`id`) ON DELETE NO ACTION ON UPDATE NO ACTION,
  ADD CONSTRAINT `class_artifact_ibfk_2` FOREIGN KEY (`artifact_id`) REFERENCES `artifact` (`id`) ON DELETE NO ACTION ON UPDATE NO ACTION;

--
-- Megkötések a táblához `run`
--
ALTER TABLE `run`
  ADD CONSTRAINT `run_ibfk_1` FOREIGN KEY (`user_id`) REFERENCES `user` (`id`),
  ADD CONSTRAINT `run_ibfk_2` FOREIGN KEY (`class_id`) REFERENCES `class` (`id`);

--
-- Megkötések a táblához `run_artifact`
--
ALTER TABLE `run_artifact`
  ADD CONSTRAINT `run_artifact_ibfk_1` FOREIGN KEY (`run_id`) REFERENCES `run` (`id`),
  ADD CONSTRAINT `run_artifact_ibfk_2` FOREIGN KEY (`artifact_id`) REFERENCES `artifact` (`id`);

--
-- Megkötések a táblához `run_enemy`
--
ALTER TABLE `run_enemy`
  ADD CONSTRAINT `run_enemy_ibfk_1` FOREIGN KEY (`run_id`) REFERENCES `run` (`id`),
  ADD CONSTRAINT `run_enemy_ibfk_2` FOREIGN KEY (`enemy_id`) REFERENCES `enemy` (`id`);

--
-- Megkötések a táblához `run_eventroom`
--
ALTER TABLE `run_eventroom`
  ADD CONSTRAINT `run_eventroom_ibfk_1` FOREIGN KEY (`run_id`) REFERENCES `run` (`id`),
  ADD CONSTRAINT `run_eventroom_ibfk_2` FOREIGN KEY (`eventroom_id`) REFERENCES `eventroom` (`id`);

--
-- Megkötések a táblához `run_weapon`
--
ALTER TABLE `run_weapon`
  ADD CONSTRAINT `run_weapon_ibfk_1` FOREIGN KEY (`run_id`) REFERENCES `run` (`id`),
  ADD CONSTRAINT `run_weapon_ibfk_2` FOREIGN KEY (`weapon_id`) REFERENCES `weapon` (`id`);
COMMIT;

/*!40101 SET CHARACTER_SET_CLIENT=@OLD_CHARACTER_SET_CLIENT */;
/*!40101 SET CHARACTER_SET_RESULTS=@OLD_CHARACTER_SET_RESULTS */;
/*!40101 SET COLLATION_CONNECTION=@OLD_COLLATION_CONNECTION */;
